"","V161003","V161086","V161087","V161088","V161089","V161090","V161091","V161092","V161093","V161094","V161095","V161096","V161109","V161126","V161134A","V161178","V161181","V161184","V161187","V161189","V161198","V161201","V161295","V161361X","V162096","V162097","V162098","V162099","V162100","V162101","V162105"
"1",1,85,0,40,50,85,15,85,70,50,70,15,3,3,55,6,4,3,1,2,2,2,20,26,100,85,50,100,40,30,50
"2",3,10,90,60,50,60,50,20,60,50,40,80,0,3,40,4,3,6,1,5,7,2,40,3,40,70,75,50,40,60,90
"3",2,0,70,50,50,30,70,0,0,60,30,85,2,4,70,4,5,2,3,4,7,3,60,17,40,40,85,85,30,40,50
"4",3,40,40,40,50,50,50,30,40,50,50,50,5,4,40,3,5,2,3,6,6,1,60,9,40,50,50,50,40,50,50
"5",2,0,60,50,60,40,60,0,0,50,15,15,4,4,46,3,4,5,1,4,5,4,50,25,40,60,70,85,40,60,70
"6",1,85,0,50,50,50,0,100,85,50,85,15,3,2,63,6,6,2,1,4,3,2,44,26,100,100,30,100,50,70,70
"7",1,0,60,0,0,0,50,15,0,0,0,15,0,6,40,3,5,5,3,6,6,3,35,19,85,15,0,85,60,85,70
"8",2,40,60,50,50,60,70,85,70,40,40,40,4,3,43,5,6,2,1,6,6,5,60,22,40,60,60,100,70,40,30
"9",2,70,50,60,70,50,70,85,60,85,60,70,5,4,60,4,5,4,1,5,6,4,19,2,60,60,40,85,70,50,70
"10",2,15,70,50,50,50,70,40,30,50,30,70,1,5,42,3,6,5,3,5,6,6,42,22,50,40,30,60,70,70,50
"11",1,15,40,100,60,50,40,50,70,30,30,30,1,5,52,3,2,4,2,5,4,5,39,15,30,30,85,70,15,85,40
"12",3,60,15,50,50,50,50,70,60,50,70,70,2,4,60,4,3,6,1,6,5,6,40,22,70,70,85,100,70,70,60
"13",2,70,0,15,30,50,30,60,60,50,15,0,0,3,80,7,1,1,1,1,1,1,48,9,60,40,65,60,20,20,20
"14",2,85,40,50,50,50,15,85,70,50,85,40,4,3,82,5,5,4,1,5,5,3,45,14,70,70,60,50,40,50,50
"15",4,15,85,50,30,50,70,15,30,50,15,15,3,5,38,4,5,4,3,3,4,4,30,20,50,0,30,60,70,60,60
"16",3,85,0,40,30,70,0,100,85,50,40,30,3,2,60,7,3,1,1,4,3,2,50,24,100,85,70,100,85,70,100
"17",2,40,15,60,15,40,30,60,85,50,70,30,5,4,60,3,6,3,3,5,3,2,40,27,85,70,70,60,50,40,60
"18",1,10,0,15,60,10,40,100,85,40,85,0,0,2,85,5,6,5,1,5,4,3,8,12,100,60,70,100,60,30,50
"19",1,85,15,50,50,70,40,85,70,50,70,30,0,3,51,4,4,4,1,4,4,3,3,14,100,70,70,100,60,85,70
"20",1,0,30,40,0,30,60,0,30,30,0,40,5,7,42,1,4,7,3,7,7,6,45,14,0,15,0,100,70,85,70
"21",2,0,100,15,15,70,85,15,30,30,30,85,0,6,39,1,7,6,2,7,7,4,40,22,50,15,85,100,85,70,70
"22",1,0,60,0,0,50,85,0,50,0,30,50,0,6,49,1,7,7,3,6,4,5,60,20,30,0,40,50,50,100,50
"23",2,60,0,60,70,70,40,70,50,85,60,30,4,4,55,4,4,3,1,6,4,2,10,20,85,70,60,70,50,50,50
"24",1,15,0,50,100,50,0,60,60,50,30,0,2,1,50,5,4,1,1,4,1,1,45,14,100,50,60,100,0,0,50
"25",1,60,15,60,60,60,60,100,30,85,70,50,1,2,52,4,4,3,1,4,4,4,55,26,100,85,70,100,40,60,85
"26",2,0,35,60,0,25,75,0,10,25,25,65,1,7,43,1,4,7,2,6,3,7,46,21,5,15,20,50,50,85,65
"27",1,15,60,40,40,50,85,50,15,50,30,60,1,4,45,3,6,4,3,4,4,4,40,13,40,40,40,50,50,60,50
"28",1,15,100,99,99,50,99,6,0,99,0,100,1,6,10,4,7,4,3,7,7,5,40,12,60,50,50,60,50,40,50
"29",2,15,85,30,50,30,70,15,0,50,15,70,1,6,49,3,6,7,1,7,7,2,20,22,60,50,60,50,60,85,50
"30",3,50,0,50,50,40,40,85,50,50,70,40,1,4,52,4,5,4,1,4,4,1,40,26,70,70,60,70,40,40,50
"31",2,85,0,50,50,70,30,85,85,50,70,30,3,2,55,5,3,3,1,5,4,3,40,26,70,60,50,70,40,50,40
"32",2,40,60,50,40,40,60,50,50,50,40,70,2,6,65,4,5,4,3,5,4,5,40,17,50,30,70,85,40,70,40
"33",1,0,0,50,85,0,0,85,0,0,0,0,2,2,53,4,1,2,1,4,4,4,40,11,100,85,100,85,0,15,50
"34",4,20,10,90,60,50,50,40,35,50,25,35,0,6,55,2,2,7,3,6,4,4,65,19,40,50,50,50,40,60,50
"35",1,100,0,50,50,100,0,100,100,50,85,15,3,4,60,4,4,4,1,4,4,4,40,14,95,85,70,100,40,50,60
"36",1,60,0,50,50,50,50,60,85,30,50,50,0,3,60,4,4,4,1,5,4,4,40,20,70,85,60,60,60,60,40
"37",1,0,85,50,50,15,85,15,30,50,15,60,3,5,47,2,6,7,3,7,7,6,20,21,0,30,30,85,85,85,85
"38",1,0,60,30,15,50,50,15,0,50,15,15,3,7,40,2,6,6,3,7,4,4,40,18,0,50,0,70,60,100,70
"39",1,60,50,0,0,40,0,80,50,40,90,80,3,4,50,1,1,1,3,7,1,1,14,1,70,40,85,85,85,85,40
"40",2,30,50,60,60,50,0,70,40,50,60,15,3,3,53,6,2,2,1,3,2,1,6,27,85,70,85,85,0,30,15
"41",2,85,15,60,50,50,40,100,85,50,60,30,2,4,47,5,4,5,1,3,3,3,45,25,70,70,60,85,50,60,50
"42",1,70,0,40,50,85,10,85,70,30,85,0,2,1,55,6,3,2,1,2,1,1,50,23,100,85,50,100,30,15,40
"43",1,0,85,50,50,15,85,0,0,50,0,30,1,6,40,1,4,7,2,6,6,5,40,25,50,30,0,90,60,100,85
"44",2,30,30,60,50,50,30,60,15,60,30,30,0,5,42,4,2,6,1,5,6,2,40,25,30,40,30,50,30,60,40
"45",4,30,50,85,50,70,0,50,70,50,15,40,4,5,40,3,7,2,3,6,6,2,40,28,60,85,70,100,70,100,85
"46",2,50,0,75,45,50,5,85,60,70,55,45,1,2,60,5,1,1,1,6,4,2,42,20,60,100,70,50,50,50,50
"47",1,0,60,99,99,0,85,0,0,99,0,30,1,7,49,1,7,7,3,6,5,5,84,19,0,0,0,70,70,85,100
"48",2,100,0,0,50,50,50,100,85,50,100,0,4,3,51,6,3,4,3,3,4,2,47,21,60,70,70,70,85,70,70
"49",2,85,0,0,0,85,50,100,85,50,100,15,1,1,55,6,1,2,1,2,2,1,50,20,100,100,70,100,15,30,50
"50",2,0,70,60,40,30,70,30,30,50,30,70,3,5,45,3,5,3,1,4,5,4,35,20,10,20,70,45,40,60,55
"51",2,2,77,42,5,17,89,5,21,40,1,70,2,6,48,1,4,7,2,7,7,6,40,24,15,1,12,50,70,88,85
"52",3,15,70,40,50,30,100,15,0,50,30,70,5,6,46,2,4,6,3,5,5,4,45,25,50,15,30,60,70,60,50
"53",3,0,15,15,15,15,85,15,60,50,15,50,1,5,52,1,2,6,1,7,6,3,55,23,50,50,16,50,60,50,50
"54",1,100,0,50,50,50,0,100,100,50,100,0,3,4,78,7,7,7,1,1,1,1,40,9,100,60,60,100,0,30,0
"55",2,95,0,51,69,85,0,100,84,51,93,0,1,1,65,5,4,2,1,2,2,1,40,22,70,85,51,70,30,15,39
"56",2,65,0,15,85,60,0,85,70,50,70,0,0,1,60,7,1,1,1,2,1,1,20,7,100,60,60,60,0,0,38
"57",3,60,15,50,50,50,50,70,60,50,85,30,0,2,48,5,4,1,1,4,3,2,28,7,85,70,85,50,30,50,50
"58",3,0,70,50,50,40,50,0,50,50,15,85,3,6,48,2,5,6,3,5,6,3,47,25,15,15,15,70,70,75,65
"59",4,70,0,0,50,50,50,85,60,50,70,85,1,4,70,5,3,1,1,5,1,1,50,21,100,100,100,100,100,70,85
"60",2,0,86,50,49,50,51,0,0,53,16,59,2,6,40,3,6,5,3,6,7,3,43,22,31,1,9,60,72,88,61
"61",2,0,100,60,41,0,100,1,0,51,0,100,3,5,49,4,6,7,3,5,5,3,40,23,40,0,40,70,50,100,50
"62",4,30,30,50,51,70,50,60,31,50,40,40,1,5,65,3,5,6,1,6,7,7,40,21,30,50,50,77,50,70,61
"63",4,85,0,15,50,50,15,95,60,50,90,60,3,2,80,3,5,2,1,2,3,4,40,28,15,85,15,70,85,15,60
"64",2,30,40,80,50,50,85,70,60,50,40,60,1,5,53,2,4,6,1,6,4,6,50,20,50,40,65,85,40,65,60
"65",2,40,0,60,60,50,0,85,50,50,40,0,2,2,66,4,3,7,1,6,5,5,32,9,70,40,60,85,15,15,0
"66",2,81,16,51,50,69,50,74,60,50,79,26,3,2,60,4,4,5,1,4,4,2,40,25,100,100,85,100,16,0,40
"67",1,15,40,0,0,0,50,70,30,0,50,0,2,3,52,5,5,5,3,4,2,1,25,23,30,80,0,40,15,70,50
"68",2,2,60,59,41,31,96,59,3,52,15,71,6,6,60,4,5,7,1,7,7,5,40,25,38,2,70,65,39,91,82
"69",1,0,85,40,15,50,85,15,15,50,15,60,5,6,42,2,7,6,3,6,6,6,40,26,12,16,17,80,91,92,82
"70",2,0,65,67,52,51,50,15,28,49,4,73,3,7,46,3,4,7,3,6,7,3,49,22,30,30,70,50,60,85,50
"71",3,15,42,50,50,51,60,72,41,50,41,72,1,4,60,4,6,7,1,7,4,1,40,24,50,50,40,100,100,50,100
"72",3,1,60,54,40,49,61,5,78,53,30,56,3,3,52,3,4,5,1,6,6,1,40,22,70,48,85,70,40,61,72
"73",1,0,100,0,0,0,85,0,30,0,0,40,1,5,46,1,7,7,3,7,7,5,40,26,30,15,40,60,50,70,40
"74",2,61,86,40,30,50,41,16,50,54,16,70,1,4,32,7,5,1,3,5,5,1,30,6,52,61,50,85,41,70,60
"75",2,72,2,51,49,51,50,98,85,50,86,63,1,2,52,6,4,5,3,3,1,1,48,15,72,51,77,68,38,50,51
"76",1,0,100,0,0,0,100,0,0,50,0,40,1,5,40,1,5,5,1,4,5,3,32,15,0,15,100,85,0,15,15
"77",1,85,0,0,0,70,0,85,60,50,70,0,2,4,55,5,3,4,1,3,4,1,46,15,60,60,50,70,15,0,0
"78",1,15,30,65,30,50,50,40,50,10,30,75,3,5,45,2,2,3,1,6,5,5,50,26,48,49,29,62,51,53,51
"79",2,0,60,50,50,70,50,70,30,50,15,15,0,5,49,1,1,4,1,7,6,6,60,21,50,16,16,50,41,30,50
"80",1,70,40,61,60,85,60,85,69,51,84,50,4,4,51,4,2,2,1,2,4,2,36,8,51,71,61,71,71,42,61
"81",2,31,70,30,31,30,71,31,61,31,50,49,3,5,48,1,7,7,3,7,5,7,45,26,85,30,31,88,85,86,84
"82",4,71,8,49,68,52,52,62,99,53,85,18,0,2,55,7,1,1,2,1,4,1,36,13,77,88,90,58,24,10,28
"83",2,40,70,50,50,40,75,40,40,50,50,65,0,4,48,3,7,7,1,7,7,1,50,19,30,50,0,50,25,50,50
"84",3,99,0,50,50,50,50,100,90,50,75,15,1,1,54,5,2,2,1,1,1,1,55,28,100,90,90,95,10,30,15
"85",2,100,0,50,50,50,70,100,70,50,85,15,1,3,51,3,5,1,1,2,2,4,45,12,85,90,50,100,50,80,86
"86",4,40,15,85,50,50,50,85,70,50,85,40,2,4,60,4,5,4,1,5,5,4,50,23,50,50,85,50,50,50,50
"87",2,0,75,0,20,0,80,0,0,0,0,85,0,7,49,3,4,4,3,4,5,3,40,15,50,30,50,50,30,85,50
"88",2,90,0,60,60,90,16,90,85,30,95,0,1,2,60,5,4,3,1,6,7,1,40,27,89,86,50,77,46,0,52
"89",4,0,50,50,60,20,0,20,0,20,15,15,2,4,35,4,5,4,3,4,7,1,45,9,86,62,87,100,71,70,100
"90",1,75,0,30,50,50,50,70,85,50,70,60,2,4,47,6,5,4,1,6,7,1,40,21,98,85,61,81,72,39,71
"91",4,70,0,15,50,0,0,40,15,0,40,15,2,3,53,2,4,6,1,6,6,2,45,23,67,54,60,21,53,60,17
"92",1,0,70,50,50,15,100,0,15,50,0,85,1,7,40,1,7,7,3,6,7,7,40,21,40,70,30,100,100,100,85
"93",2,2,94,6,2,3,91,0,50,1,11,60,1,6,50,1,7,7,3,7,7,6,25,12,0,0,0,50,70,50,85
"94",2,85,0,50,15,50,40,85,100,50,85,50,2,3,55,4,5,6,1,4,5,2,55,15,82,65,52,71,31,72,16
"95",2,97,0,70,85,61,0,97,69,51,98,24,2,2,60,6,3,1,1,2,2,1,30,16,97,94,82,60,19,10,30
"96",3,60,60,60,40,40,60,60,85,40,60,60,2,4,55,4,4,4,3,4,4,4,20,7,70,60,60,40,30,60,60
"97",1,15,15,40,50,50,50,50,30,50,30,30,1,5,51,3,4,6,3,5,4,4,60,27,30,40,15,50,50,50,70
"98",1,0,70,50,50,30,70,0,0,50,0,60,0,5,49,1,7,7,3,7,7,5,20,15,50,50,50,70,60,60,70
"99",2,0,0,50,85,0,0,60,0,30,60,60,4,3,45,4,1,3,3,4,1,1,8,27,30,60,70,100,0,60,0
"100",3,15,1,46,61,15,0,50,15,50,15,30,0,2,48,4,2,1,3,4,3,1,50,9,55,45,60,70,35,35,35
"101",3,100,2,50,60,50,50,100,98,50,85,0,4,4,70,7,4,1,1,1,1,1,4,11,50,50,60,48,50,50,48
"102",1,30,70,50,50,15,60,0,40,50,15,60,1,5,52,5,4,4,3,7,7,7,30,27,0,15,15,40,40,60,70
"103",3,40,70,50,50,50,50,70,60,50,70,50,6,3,45,3,5,5,3,3,4,4,39,22,84,66,71,73,73,73,76
"104",1,90,0,40,30,90,15,100,80,85,90,15,2,2,49,5,4,1,1,3,2,1,50,27,100,100,98,100,47,61,70
"105",1,60,0,50,0,70,0,60,70,50,60,0,2,3,60,3,4,7,1,7,7,4,5,1,56,75,17,62,52,1,52
"106",2,61,16,41,14,51,51,62,50,16,30,14,1,2,60,4,3,1,3,4,4,3,55,17,70,47,61,50,40,41,49
"107",2,0,85,60,0,15,85,0,0,15,0,85,2,5,46,1,3,7,3,6,6,5,60,1,0,0,30,100,70,70,70
"108",2,3,100,52,51,31,82,2,7,51,3,90,3,6,50,2,5,6,3,6,7,4,40,18,40,16,32,50,50,77,50
"109",1,71,2,62,86,86,1,100,85,41,71,2,0,2,55,7,4,1,1,2,1,1,55,26,90,85,70,85,30,15,30
"110",3,16,71,60,50,50,84,15,31,50,30,84,0,6,46,3,6,5,3,6,6,4,20,13,41,16,40,51,70,85,60
"111",4,15,0,70,50,50,50,70,50,50,30,0,1,4,30,4,2,1,3,4,2,4,45,20,70,50,60,50,70,15,50
"112",3,2,51,50,16,70,60,41,32,48,70,41,2,4,30,3,5,4,3,5,4,3,40,21,31,30,51,50,30,50,50
"113",2,0,100,50,50,50,50,15,0,50,50,100,3,6,25,3,7,4,3,4,7,5,20,17,40,30,60,70,40,100,70
"114",1,75,0,15,75,80,15,85,75,50,75,0,0,1,65,7,1,1,1,1,2,1,40,13,91,84,64,84,1,0,26
"115",4,17,70,50,51,18,85,16,16,50,16,71,0,4,40,5,7,5,3,4,5,1,40,13,40,40,40,60,40,70,60
"116",2,60,15,50,50,60,37,60,85,50,55,20,4,3,53,3,5,4,1,5,5,3,50,27,50,40,30,50,50,60,50
"117",2,60,30,60,50,60,50,70,70,50,70,50,3,4,60,3,4,4,3,4,5,4,40,16,50,50,60,50,50,50,50
"118",1,85,1,70,61,85,31,95,70,75,75,5,0,2,55,7,1,1,1,2,3,1,32,7,70,75,75,90,15,30,20
"119",2,70,0,50,60,70,0,85,85,50,70,0,0,1,52,5,1,1,1,3,2,1,40,9,100,100,70,100,0,0,50
"120",2,63,0,12,85,68,0,85,31,6,81,21,5,1,60,7,1,1,1,1,1,1,20,21,98,98,96,98,15,37,36
"121",1,0,60,46,50,48,60,0,15,50,30,60,4,4,60,4,4,1,3,3,7,3,40,13,50,50,50,50,30,85,50
"122",1,90,0,16,10,75,2,97,85,25,80,20,1,2,52,5,4,2,1,1,1,1,30,20,100,85,70,85,60,40,50
"123",4,81,0,82,99,49,3,96,65,77,79,10,0,1,57,4,1,3,1,2,6,1,50,14,98,100,70,95,69,56,73
"124",4,0,100,0,0,0,100,0,0,0,0,100,1,5,50,4,7,5,3,6,7,1,40,21,0,0,100,100,52,100,100
"125",1,62,32,50,17,61,50,87,86,51,70,15,0,4,65,5,4,3,1,2,6,3,50,28,50,71,70,59,51,61,59
"126",2,0,100,70,3,1,100,11,3,0,0,100,1,6,42,1,5,5,1,7,6,5,40,17,10,15,71,69,55,100,33
"127",4,69,0,50,50,50,50,98,70,50,60,30,5,4,60,5,3,2,1,1,4,1,40,24,85,50,50,70,15,50,50
"128",2,30,0,60,50,60,0,70,40,60,15,15,1,4,55,4,2,1,3,5,4,1,40,28,60,40,50,50,50,30,50
"129",2,15,70,50,50,40,70,15,15,50,15,85,0,6,45,2,5,6,3,7,6,6,45,24,50,30,30,50,50,85,50
"130",1,15,85,50,50,50,85,50,30,50,50,50,3,3,45,6,5,2,1,3,2,2,40,19,70,60,50,85,40,50,50
"131",4,0,0,1,0,0,0,0,0,0,0,0,3,4,60,1,1,7,2,7,7,7,35,16,50,0,50,50,50,0,50
"132",3,70,15,50,50,15,70,100,85,50,100,0,1,1,55,5,2,1,1,2,3,1,40,26,85,100,50,85,40,0,30
"133",2,63,2,8,51,5,1,98,3,7,97,5,2,4,100,5,5,5,1,5,5,5,30,1,79,47,66,74,75,48,51
"134",3,61,1,0,99,51,2,85,32,51,56,0,4,2,71,7,1,1,1,3,1,1,40,18,77,85,63,71,15,0,32
"135",3,60,0,50,50,60,30,100,100,50,85,15,1,4,53,7,2,4,1,1,1,2,15,7,100,50,100,100,60,70,15
"136",2,1,10,55,50,50,20,53,35,50,45,60,2,5,51,3,3,2,3,5,5,2,40,17,20,35,60,65,10,50,48
"137",1,85,30,50,50,70,50,100,85,50,100,30,2,5,80,6,5,1,1,4,1,2,32,15,71,51,61,100,41,50,84
"138",2,70,30,50,50,60,40,85,60,60,50,50,1,4,55,4,4,1,1,3,7,2,45,22,60,70,50,60,50,60,50
"139",1,90,10,30,30,30,15,90,80,40,75,35,1,1,52,6,3,1,1,2,2,2,50,27,100,85,85,100,60,40,50
"140",2,0,100,0,0,0,100,0,0,0,0,60,3,6,49,4,4,5,3,4,4,3,50,17,17,2,4,84,52,68,65
"141",1,85,0,15,15,85,15,100,100,60,85,15,5,2,56,5,5,5,1,3,3,1,44,15,60,60,80,78,13,30,30
"142",2,70,0,15,85,60,0,85,60,30,60,0,0,1,49,7,3,1,1,2,1,1,45,25,100,79,92,100,30,29,41
"143",5,15,15,50,50,50,40,30,0,50,15,30,4,6,49,6,5,6,1,5,7,3,30,23,91,83,84,70,81,76,88
"144",2,0,89,50,0,0,90,0,15,50,0,100,2,6,46,5,7,7,3,6,7,5,40,19,30,0,17,85,50,90,50
"145",1,40,30,60,50,60,70,70,85,69,40,0,1,2,60,4,3,4,1,3,4,3,40,23,85,70,70,50,40,30,50
"146",1,40,1,50,50,52,31,85,85,49,40,13,0,2,51,4,4,1,1,5,3,2,40,17,85,70,10,90,10,40,50
"147",2,60,60,70,50,50,50,70,70,50,50,50,0,4,45,2,1,7,1,7,4,4,45,19,40,60,30,100,60,85,15
"148",3,95,0,85,50,75,0,90,85,85,60,30,3,2,48,5,1,2,1,4,2,2,18,20,100,80,75,70,40,30,40
"149",1,100,0,30,50,85,50,100,100,50,100,50,3,2,52,6,6,1,1,3,1,1,56,24,85,100,85,85,15,0,50
"150",3,0,85,50,50,50,50,30,50,50,40,60,1,5,50,3,4,5,3,5,6,4,50,26,50,30,70,99,61,71,50
"151",1,70,30,60,50,70,15,85,85,60,70,15,4,4,54,5,5,2,3,3,3,3,50,24,70,60,70,60,15,15,40
"152",3,40,0,50,77,46,50,68,61,46,55,32,6,2,53,4,1,1,3,2,2,2,49,24,50,76,63,51,51,51,50
"153",2,15,30,50,0,50,50,15,15,50,15,30,1,5,70,1,4,7,1,7,7,4,50,26,90,10,0,70,90,70,80
"154",1,99,0,1,1,60,2,100,98,0,99,0,1,2,52,7,4,1,1,1,1,1,50,27,100,100,100,100,100,40,100
"155",1,85,0,30,60,85,30,100,70,60,85,15,1,1,52,7,2,1,1,1,1,1,45,17,85,85,85,85,40,70,50
"156",2,85,0,30,50,70,15,100,85,30,70,15,1,2,46,5,2,2,1,3,3,2,45,26,50,70,60,50,40,40,50
"157",1,0,60,70,100,0,40,15,0,50,40,40,2,2,42,6,1,1,1,2,2,2,25,15,15,70,85,100,30,50,40
"158",2,60,5,70,55,75,55,80,80,50,60,30,1,2,70,5,3,2,3,3,3,2,15,17,71,87,84,84,6,2,2
"159",1,2,86,52,51,51,49,2,16,51,2,87,1,6,48,2,5,6,3,7,5,5,40,13,10,40,50,70,61,90,60
"160",2,60,0,60,40,50,30,100,40,50,70,15,3,3,52,4,4,2,1,3,4,3,50,16,69,71,56,79,44,34,43
"161",3,60,0,15,58,51,14,85,60,50,60,15,3,1,65,6,1,2,1,2,2,1,25,15,100,85,70,85,15,0,15
"162",4,0,85,50,50,30,60,0,15,50,15,85,0,6,50,1,4,7,2,7,6,4,50,21,40,5,60,60,40,85,50
"163",2,100,0,50,50,100,100,100,100,50,85,0,1,2,47,7,4,1,1,4,3,3,30,23,90,99,80,80,0,0,0
"164",1,60,40,50,50,60,40,85,50,50,70,30,1,5,55,3,4,4,3,4,4,2,48,21,50,40,61,100,31,41,41
"165",4,80,0,50,20,50,80,20,0,60,15,70,2,5,52,3,4,3,1,4,4,2,40,15,70,62,59,66,59,45,34
"166",3,15,15,50,50,50,15,50,15,50,50,50,2,6,68,3,4,7,3,6,3,2,65,23,90,90,50,90,50,90,90
"167",1,0,60,0,0,15,85,0,15,15,15,60,2,7,49,1,6,7,2,7,7,7,80,12,60,35,30,85,70,85,85
"168",2,15,30,50,50,40,70,60,15,50,40,60,1,5,51,2,5,2,1,6,6,3,50,6,41,42,41,51,51,61,61
"169",2,70,15,15,50,60,40,100,85,60,85,0,3,5,68,2,4,1,3,6,6,1,50,27,60,85,15,60,30,60,60
"170",1,100,0,50,30,100,15,100,100,70,100,0,1,2,60,5,4,2,1,4,2,2,38,13,85,85,85,70,40,15,50
"171",2,40,40,50,50,30,40,60,50,50,40,40,0,3,51,5,6,1,1,1,4,1,40,17,100,100,70,100,40,60,50
"172",3,30,15,85,50,50,50,71,60,70,30,15,0,3,60,4,2,3,1,4,5,1,50,9,60,40,60,70,15,30,40
"173",1,15,70,0,0,15,85,0,0,0,15,60,0,6,44,2,6,4,3,4,6,1,25,12,52,56,58,70,57,76,31
"174",2,85,15,50,50,70,50,70,85,50,70,30,1,2,60,6,4,7,1,5,7,2,10,22,60,70,70,85,0,15,30
"175",2,1,55,36,50,15,55,1,1,50,1,30,1,6,48,1,4,6,3,6,7,6,60,25,20,20,25,90,75,95,85
"176",1,0,60,65,60,15,75,0,0,76,31,80,1,6,60,1,6,7,2,6,6,6,40,21,80,55,75,60,60,65,45
"177",1,1,70,42,17,17,85,1,31,60,16,41,2,6,42,1,5,7,3,7,7,5,70,28,40,15,30,70,60,85,85
"178",3,2,85,2,3,52,86,1,1,54,1,85,0,7,40,6,6,6,1,4,7,1,48,21,40,0,50,70,50,85,60
"179",3,42,89,61,30,52,81,1,60,52,28,74,5,5,48,3,6,4,1,5,4,1,40,12,51,70,52,82,92,100,84
"180",4,60,50,15,30,30,50,0,0,40,50,50,5,4,60,5,3,1,1,4,7,5,37,7,49,52,51,96,21,44,13
"181",2,85,0,16,31,70,0,100,85,5,70,0,1,1,65,6,2,1,1,3,2,1,60,26,99,99,86,50,16,1,17
"182",4,40,85,70,50,50,40,30,30,50,40,85,0,5,40,5,5,6,2,3,4,3,40,14,50,70,70,85,70,85,70
"183",2,99,7,30,16,83,22,95,84,31,98,4,1,4,56,6,4,1,3,3,3,5,40,17,50,79,60,70,40,15,31
"184",1,0,100,50,50,50,50,0,15,50,0,40,1,7,29,1,7,7,2,7,7,4,40,27,30,50,50,51,51,71,50
"185",1,97,0,23,15,88,16,92,96,40,90,0,1,2,55,7,4,1,1,1,1,1,35,27,86,99,99,86,40,1,17
"186",2,0,62,52,50,1,86,30,39,60,15,72,4,4,40,3,6,3,3,5,6,3,50,14,33,16,29,71,29,64,51
"187",1,85,0,50,50,50,50,100,70,50,40,30,1,5,75,4,3,4,1,5,5,3,8,26,100,85,86,84,86,98,98
"188",3,40,0,50,50,40,0,60,75,50,60,15,3,4,47,6,4,4,1,4,4,2,35,26,70,60,70,70,40,15,50
"189",1,90,0,20,30,85,15,70,85,50,60,15,0,3,70,5,4,4,1,3,2,2,50,27,75,80,40,70,60,30,60
"190",3,85,15,70,50,50,50,85,100,50,85,30,0,2,70,6,3,4,1,3,3,1,40,5,70,60,85,70,30,50,50
"191",3,40,30,70,60,50,50,50,60,50,60,60,1,5,0,5,5,4,3,3,4,3,50,25,65,60,40,70,60,60,60
"192",1,0,75,0,0,0,100,0,0,0,0,60,1,6,45,2,7,7,3,7,7,6,100,17,0,50,50,100,80,85,85
"193",4,30,85,50,50,50,85,0,30,60,40,70,0,5,45,4,4,5,3,5,5,5,60,16,0,30,0,50,50,60,50
"194",3,70,0,50,40,50,15,100,60,50,70,15,0,3,70,5,3,2,1,1,1,2,40,20,40,70,60,50,30,40,30
"195",2,3,56,2,1,15,56,5,11,0,1,84,3,6,35,3,5,6,2,6,6,4,55,22,61,37,54,48,23,84,34
"196",2,30,30,60,50,60,40,40,50,50,30,60,5,4,42,2,4,7,3,5,5,4,80,25,40,45,40,80,50,55,70
"197",3,65,60,50,50,30,50,70,85,50,40,60,5,4,55,2,3,6,1,6,6,5,44,28,62,30,80,69,83,49,49
"198",2,30,0,50,50,85,41,40,50,50,0,0,1,4,50,2,4,4,1,7,7,1,70,15,70,50,40,70,60,50,50
"199",4,85,0,60,60,60,70,100,70,50,85,0,2,4,80,7,6,5,1,1,1,1,20,15,83,32,68,90,70,62,50
"200",2,60,40,50,50,60,50,50,50,50,85,40,4,4,65,4,7,1,1,1,4,1,40,18,41,51,61,85,70,61,51
"201",4,85,50,0,0,15,0,100,60,60,15,15,3,4,70,6,5,6,1,6,3,4,16,12,70,51,71,85,70,60,61
"202",4,60,0,50,50,50,30,85,70,50,70,40,2,5,55,3,3,6,1,3,2,3,50,22,60,70,30,70,60,30,40
"203",2,0,70,50,50,50,60,0,15,50,0,15,1,6,48,1,7,7,3,7,7,3,40,21,15,15,30,70,60,100,50
"204",3,1,2,71,50,52,51,32,30,44,42,61,5,6,20,4,6,4,3,4,4,6,28,22,50,51,50,50,50,76,50
"205",2,0,100,0,0,0,0,0,0,0,30,0,3,4,25,4,4,5,3,4,4,5,40,1,31,40,99,20,14,24,5
"206",4,85,0,50,50,50,50,85,85,50,85,0,0,4,60,5,4,3,1,3,4,3,42,1,70,50,85,70,70,60,60
"207",4,70,15,70,60,73,85,100,100,74,99,49,4,2,54,5,4,1,1,6,5,7,24,1,30,100,70,30,15,0,85
"208",1,40,40,60,50,40,70,40,70,50,30,60,1,5,49,4,5,6,1,6,4,6,45,28,50,41,42,60,60,60,51
"209",2,32,1,30,87,31,2,52,14,16,50,0,2,1,62,7,1,1,3,1,1,1,43,12,69,64,65,72,35,52,50
"210",3,30,70,50,50,30,85,30,30,50,30,30,0,6,40,1,5,6,1,7,6,6,45,18,28,30,31,50,69,85,69
"211",4,15,60,50,50,50,50,85,0,50,40,100,0,6,60,2,4,7,1,6,7,6,40,12,30,0,50,70,85,85,70
"212",4,40,40,50,50,50,50,15,15,50,70,40,2,4,50,4,3,5,3,5,5,7,40,15,60,50,60,60,60,50,40
"213",3,15,40,15,50,30,85,15,30,50,30,60,1,6,50,2,5,7,3,6,6,4,50,20,31,1,41,87,61,85,51
"214",3,15,85,60,50,40,70,40,15,50,40,85,1,5,40,4,6,3,3,4,7,3,40,15,60,50,60,60,70,50,70
"215",1,0,60,50,0,15,50,0,0,50,0,40,2,7,47,1,4,7,2,7,7,5,60,17,1,0,15,50,50,100,50
"216",2,60,40,17,85,50,85,51,60,50,52,50,1,4,60,4,6,3,1,4,3,3,40,21,70,85,67,83,70,79,65
"217",2,31,32,50,50,50,30,30,40,50,30,50,2,4,60,2,4,6,2,7,7,3,60,20,50,50,50,50,40,50,50
"218",3,75,0,50,50,50,0,85,75,50,70,0,0,2,75,4,2,4,1,4,3,2,60,25,61,70,60,69,50,17,50
"219",2,0,100,50,50,50,100,0,0,50,0,0,4,6,45,2,5,6,3,7,7,6,40,21,50,0,30,50,50,100,50
"220",1,100,0,0,10,90,0,100,85,0,90,25,2,2,55,5,5,4,1,2,2,4,32,23,100,100,90,100,80,25,25
"221",1,87,0,0,31,83,0,100,72,49,73,0,0,1,75,7,1,1,1,2,2,1,80,18,99,99,89,99,4,29,41
"222",3,15,15,50,60,40,40,40,60,50,50,40,0,4,55,3,4,4,3,3,5,1,40,11,50,49,50,60,40,51,40
"223",3,15,65,16,8,30,85,30,6,0,15,85,4,6,49,2,5,6,3,6,6,4,50,26,15,30,40,85,60,100,50
"224",4,15,70,60,70,60,60,40,0,50,40,70,7,6,45,5,5,4,2,4,7,5,48,15,41,32,41,61,42,70,50
"225",3,0,70,15,15,15,50,15,70,15,15,30,2,5,45,2,6,4,3,4,4,4,30,17,50,15,30,50,40,40,50
"226",2,43,50,29,32,53,52,62,58,45,51,47,1,5,50,2,5,2,1,2,2,2,40,27,41,31,30,56,16,41,33
"227",4,33,22,70,54,52,51,73,62,53,88,84,0,4,18,6,4,7,3,5,7,6,40,2,73,62,54,56,62,52,49
"228",1,73,2,52,50,49,51,85,86,17,84,42,4,5,60,2,4,3,1,1,1,1,40,25,99,85,62,87,71,71,51
"229",1,0,85,0,0,0,86,0,0,50,0,70,1,7,49,1,7,7,2,7,7,6,30,22,2,1,69,86,86,97,85
"230",4,70,0,55,51,50,51,83,52,51,70,33,3,6,70,7,7,1,1,3,1,1,30,12,6,50,52,100,50,50,50
"231",3,0,85,50,50,50,85,0,0,50,50,100,2,5,31,1,1,7,3,4,7,1,40,13,70,50,100,70,50,50,50
"232",1,40,60,15,15,50,50,15,15,50,40,40,3,6,49,4,6,4,3,7,7,3,45,22,40,40,50,50,40,50,50
"233",2,0,70,0,85,0,85,0,0,50,0,15,2,5,47,2,7,6,3,7,7,6,60,25,50,40,30,100,60,60,60
"234",2,17,90,49,50,49,91,6,5,48,4,77,3,6,38,2,5,6,1,7,7,5,40,20,50,15,16,85,69,86,72
"235",1,0,100,0,0,0,100,0,0,0,0,60,0,6,48,2,7,7,3,4,5,7,40,17,100,15,85,85,85,100,85
"236",2,70,0,70,85,50,0,85,70,50,60,0,1,1,55,7,2,1,1,4,1,1,40,25,50,50,70,70,60,40,50
"237",1,60,0,50,20,60,35,70,60,50,65,15,1,3,52,4,4,1,1,3,4,2,30,25,70,70,50,50,50,40,50
"238",2,60,0,60,15,85,15,85,100,50,70,40,2,4,65,4,5,5,1,6,2,5,37,15,85,70,85,70,15,60,60
"239",2,42,16,53,50,61,30,72,71,50,61,41,2,4,49,4,4,5,1,4,2,2,50,27,51,59,51,83,63,58,48
"240",2,30,15,0,85,15,0,85,40,50,50,40,1,4,40,7,2,7,3,2,1,1,1,8,60,60,60,100,4,60,15
"241",3,0,30,85,50,50,50,60,50,85,50,50,1,4,50,4,4,4,1,4,4,4,40,7,0,30,50,85,50,40,40
"242",3,31,1,40,51,1,1,72,59,0,1,0,0,1,55,7,1,1,3,1,3,1,60,14,42,73,74,75,31,21,39
"243",3,20,20,65,50,60,65,50,65,50,20,60,0,5,46,2,3,7,1,6,5,4,50,28,38,60,30,58,69,85,70
"244",1,71,31,50,50,42,31,40,51,50,51,50,1,4,53,3,6,4,1,3,4,2,40,14,70,61,71,86,31,85,14
"245",1,15,85,40,30,0,100,30,15,30,40,85,0,5,45,2,4,6,3,6,6,6,50,22,15,30,15,50,85,70,50
"246",1,50,2,17,50,60,0,85,70,85,71,0,0,3,58,3,6,6,1,6,5,3,20,27,61,61,41,59,60,51,59
"247",2,60,30,50,50,50,50,85,15,50,50,50,4,4,70,4,4,4,1,4,4,4,60,12,60,60,50,60,50,60,80
"248",1,40,0,30,85,50,30,60,50,50,30,0,4,2,54,6,2,1,1,2,3,2,45,26,86,85,70,85,42,41,70
"249",2,0,0,50,60,0,0,0,60,50,15,15,2,5,55,5,7,1,3,3,7,7,44,14,40,40,70,70,40,30,40
"250",4,30,71,49,52,51,78,1,15,50,32,75,4,6,48,2,6,6,3,4,5,6,65,21,30,0,2,50,15,98,50
"251",4,0,50,50,70,15,40,1,0,15,0,50,3,4,51,1,2,7,2,7,7,7,40,26,0,0,40,70,15,85,30
"252",2,0,70,40,10,0,80,0,2,2,0,10,1,4,52,4,4,1,3,4,4,4,45,20,70,40,40,85,15,70,30
"253",1,60,0,70,70,70,15,85,60,60,60,15,2,2,46,6,3,1,1,5,4,1,40,24,95,100,85,85,31,30,30
"254",4,71,0,1,3,31,1,98,84,2,98,39,2,4,100,4,5,1,1,3,1,4,45,23,84,84,85,90,61,41,69
"255",2,60,40,50,50,85,85,70,51,50,60,41,2,5,53,4,7,3,1,4,4,2,50,24,50,50,51,84,49,50,50
"256",2,70,0,50,50,60,15,70,85,50,60,15,2,2,53,6,4,3,1,2,3,2,45,26,80,70,55,75,40,45,45
"257",2,70,0,15,30,70,0,85,85,50,60,40,0,2,60,6,2,1,1,1,1,2,40,12,100,75,80,100,30,40,15
"258",4,0,85,15,16,0,85,0,30,15,30,100,6,6,45,1,7,7,3,7,5,4,40,14,50,10,0,60,60,85,85
"259",1,0,71,50,1,15,85,31,1,2,16,59,2,6,47,2,4,6,1,6,4,6,30,26,51,31,73,78,47,72,61
"260",2,61,0,50,51,50,15,70,84,50,31,16,3,4,51,4,4,4,1,6,7,2,50,28,15,15,40,70,50,40,70
"261",3,85,0,50,50,50,15,100,70,30,100,0,3,3,70,5,5,4,1,4,4,2,40,15,84,60,69,60,40,16,16
"262",4,99,4,56,52,56,12,100,99,52,100,23,3,4,65,4,4,4,3,4,5,4,50,15,53,51,53,57,51,51,41
"263",2,15,60,60,30,15,85,0,30,50,15,60,3,7,49,1,5,7,3,7,7,7,50,12,10,7,30,70,60,100,61
"264",2,40,0,0,50,30,100,60,0,70,15,0,2,4,48,3,6,3,1,6,7,7,80,25,15,30,50,85,15,60,40
"265",3,70,1,51,50,51,1,84,61,50,84,40,1,2,60,4,2,3,1,3,1,1,40,27,100,100,60,85,40,40,50
"266",1,100,0,31,31,100,0,100,100,53,91,0,1,2,65,6,4,2,1,2,3,1,50,26,100,100,100,71,0,16,70
"267",3,0,60,61,51,51,70,15,31,51,15,59,4,5,49,4,4,7,1,6,4,5,45,23,70,15,30,40,60,30,60
"268",1,0,100,0,0,0,100,0,15,15,0,100,2,7,48,3,6,7,3,4,7,6,29,20,0,0,60,70,50,100,50
"269",1,1,99,50,51,51,98,1,16,50,1,40,0,6,55,2,5,6,3,6,5,6,40,11,70,30,70,70,60,100,70
"270",1,95,0,10,30,70,0,98,95,10,95,10,1,2,52,5,2,1,1,1,2,1,21,9,90,100,80,80,10,5,40
"271",5,30,70,50,50,50,60,60,40,50,50,60,2,5,50,2,4,6,1,5,2,5,25,5,50,50,50,70,70,85,50
"272",2,1,30,50,51,30,70,30,1,51,34,60,2,5,46,2,4,6,3,5,6,5,40,21,45,49,30,67,51,64,59
"273",4,30,0,50,70,50,0,40,30,50,15,0,4,2,53,6,2,2,3,2,4,1,40,26,78,36,72,52,0,16,19
"274",2,0,85,50,50,15,60,0,15,30,15,85,3,6,40,4,6,5,1,3,4,1,50,17,60,15,30,85,50,100,40
"275",2,92,3,50,64,71,51,98,93,50,75,44,2,2,55,6,4,2,1,4,4,1,40,27,95,92,90,93,41,75,51
"276",1,0,60,15,0,15,100,0,0,15,0,85,1,4,45,3,7,6,3,7,6,6,36,26,41,17,18,71,72,71,69
"277",2,70,0,40,30,85,15,100,60,50,60,40,2,3,48,5,5,2,1,3,2,1,40,22,97,64,69,84,60,40,71
"278",2,90,0,40,40,80,30,85,80,60,85,15,0,2,47,6,4,1,1,3,2,2,50,25,70,60,85,70,15,15,70
"279",4,30,65,51,62,52,50,60,70,40,40,69,2,4,40,5,2,3,3,2,4,3,40,1,41,39,15,51,61,51,50
"280",2,60,15,2,2,61,30,72,71,11,66,26,1,3,52,3,4,6,1,4,5,3,50,26,56,69,54,85,49,41,45
"281",4,100,0,50,70,85,15,100,85,70,85,15,0,3,52,6,6,1,1,4,3,3,20,13,85,85,85,100,50,0,50
"282",2,0,100,0,0,0,100,30,0,0,0,30,0,6,40,3,4,7,3,7,7,5,40,15,50,15,40,60,85,85,85
"283",1,0,85,30,15,0,70,0,0,30,0,60,2,6,45,1,5,7,3,7,7,3,45,26,40,15,40,50,50,50,50
"284",3,30,60,50,50,50,50,40,50,50,40,60,0,5,52,3,3,6,1,3,2,4,40,18,15,30,60,70,50,70,50
"285",2,0,60,60,0,0,50,0,60,40,25,65,2,6,42,3,5,7,3,5,5,6,45,23,15,15,40,50,40,85,60
"286",4,30,0,50,40,60,30,70,60,50,30,15,0,3,65,3,5,3,1,6,7,3,20,9,61,78,60,51,62,42,77
"287",4,30,60,40,15,60,85,40,15,50,40,60,1,5,47,2,5,5,1,6,6,1,50,25,70,40,15,70,15,70,70
"288",1,16,70,49,51,15,100,1,17,50,30,70,1,6,40,2,5,5,3,4,6,3,40,15,73,30,62,51,62,70,71
"289",2,85,0,60,50,70,15,100,100,50,70,15,5,2,58,4,3,3,1,4,4,2,5,27,85,60,70,60,30,40,60
"290",1,85,0,30,15,70,0,100,100,70,85,0,1,1,48,7,6,1,1,3,2,2,60,26,85,85,85,100,70,15,85
"291",4,95,0,0,0,70,0,100,90,0,70,0,2,2,62,4,2,2,1,3,4,3,50,28,100,50,40,85,30,0,50
"292",2,0,85,30,60,30,100,15,30,50,30,70,0,5,40,1,5,4,3,3,2,7,50,15,15,30,40,85,70,70,60
"293",1,0,100,50,50,0,100,0,0,50,15,60,1,5,45,2,7,7,3,6,6,6,40,16,50,30,40,84,30,85,83
"294",1,0,85,50,50,50,50,15,30,50,15,70,1,6,40,3,6,5,2,6,5,6,20,23,50,30,15,50,70,85,70
"295",2,27,42,83,50,79,50,2,72,99,40,69,1,5,50,2,4,7,1,7,6,4,30,26,84,77,50,61,61,65,81
"296",5,15,60,40,50,50,40,0,15,50,15,50,1,5,50,2,2,4,3,4,4,6,40,17,50,50,50,100,50,50,100
"297",2,30,30,0,100,0,30,30,100,0,50,70,3,5,55,5,4,2,1,3,4,1,30,11,70,2,0,70,50,98,50
"298",2,0,85,60,30,40,70,15,85,0,15,70,1,6,47,2,7,3,3,6,7,4,50,26,60,50,60,50,60,85,70
"299",2,84,0,4,1,0,2,100,87,9,100,1,1,4,55,5,4,3,1,4,6,4,46,13,85,60,65,71,30,69,45
"300",3,100,0,0,15,100,0,100,100,50,100,0,5,2,70,6,4,1,1,1,4,1,10,7,85,100,100,85,50,0,50
"301",3,60,0,50,50,50,40,85,70,50,70,15,3,4,63,7,2,1,1,1,4,4,35,17,70,85,85,40,40,15,30
"302",1,60,0,1,50,50,50,70,50,50,50,15,4,4,52,4,4,6,3,6,7,6,40,21,50,49,16,50,51,37,49
"303",3,70,0,40,60,85,15,100,70,50,100,15,0,3,60,6,2,1,1,3,1,1,40,19,100,100,90,91,30,8,14
"304",3,70,0,60,50,50,50,85,85,50,30,30,1,2,52,3,3,3,1,5,3,3,42,20,85,100,50,85,60,40,70
"305",1,100,0,50,50,60,0,100,100,50,100,0,0,1,93,5,2,1,1,1,1,1,40,5,72,40,94,82,24,52,30
"306",2,15,83,71,17,28,80,29,40,71,30,71,0,6,55,2,4,5,1,5,4,6,32,20,40,32,42,51,70,85,51
"307",1,0,0,50,50,60,50,0,40,50,15,85,3,6,48,2,5,2,3,7,7,6,40,19,30,15,50,85,85,85,50
"308",4,15,70,50,50,50,85,15,30,50,15,60,2,6,55,2,4,7,3,5,5,5,50,21,30,15,40,85,70,70,70
"309",2,15,0,50,50,50,50,60,50,50,60,70,1,5,55,3,5,1,1,4,6,4,50,12,100,85,100,85,85,100,85
"310",2,15,60,50,30,30,70,40,60,50,40,85,0,7,49,3,4,7,1,7,7,6,20,28,51,51,72,52,98,71,71
"311",1,80,0,40,16,61,18,98,71,50,80,55,2,3,48,5,4,6,1,4,4,2,40,17,60,50,50,59,50,50,50
"312",2,60,0,50,60,50,5,90,85,50,70,15,3,3,65,5,1,1,1,3,2,1,40,24,70,60,60,85,5,30,40
"313",2,70,15,40,30,70,30,85,85,40,85,30,2,2,49,5,4,1,1,2,3,2,25,12,60,85,85,70,30,30,50
"314",4,30,0,30,30,30,15,0,15,30,30,40,1,4,55,3,4,6,1,5,5,3,40,24,85,40,85,100,40,60,50
"315",3,85,0,70,40,30,40,100,50,50,100,0,2,2,60,5,7,1,1,5,6,2,32,7,50,100,50,100,40,30,50
"316",3,0,85,50,50,30,100,60,0,50,30,70,0,4,44,3,5,4,1,4,4,4,40,11,59,40,13,50,57,58,60
"317",3,60,40,50,50,50,50,70,70,50,60,60,3,4,60,5,6,4,1,5,4,1,40,27,57,50,32,84,50,49,84
"318",2,85,0,51,51,71,51,59,97,50,69,50,1,4,70,3,5,6,3,3,7,2,50,27,41,50,50,60,41,30,41
"319",2,85,0,85,70,70,15,100,85,100,70,30,0,1,60,7,1,1,1,2,2,1,45,14,85,85,85,50,70,30,30
"320",3,30,60,30,15,15,15,70,40,0,60,50,3,4,55,7,6,4,1,1,4,2,40,16,50,50,30,85,50,60,50
"321",1,60,15,40,90,100,30,85,85,0,70,20,2,4,60,4,4,3,1,2,2,5,50,17,70,80,40,60,70,10,50
"322",3,3,73,50,19,39,97,11,0,50,2,71,2,7,70,4,4,7,3,6,6,2,60,25,50,18,7,86,98,82,14
"323",2,40,0,50,60,60,60,70,60,50,50,50,0,4,75,7,6,1,3,4,6,4,40,16,70,85,85,85,70,85,70
"324",4,0,100,0,0,1,0,15,16,13,15,75,0,6,10,1,4,2,3,1,7,1,32,6,0,0,50,85,100,100,99
"325",3,31,3,51,51,50,50,51,50,49,51,51,3,5,60,4,4,4,3,6,7,3,45,21,85,30,0,70,0,70,15
"326",2,41,2,52,50,51,1,70,98,50,71,49,1,3,55,4,6,4,1,5,7,1,40,28,30,42,0,70,50,31,50
"327",2,16,90,60,13,25,70,35,10,50,9,75,4,5,52,1,6,6,3,6,5,5,60,25,31,3,37,66,65,75,73
"328",3,100,0,50,50,50,50,100,100,50,85,0,0,4,55,4,4,6,3,4,4,4,40,18,50,55,52,51,31,51,47
"329",3,14,42,49,50,50,49,15,27,50,55,65,1,5,42,3,4,5,3,6,6,4,45,26,50,35,45,50,50,76,51
"330",2,0,85,50,50,40,60,15,40,50,30,70,2,6,42,3,6,5,2,4,5,5,50,21,14,16,69,50,59,82,49
"331",2,0,69,53,31,35,87,1,30,16,31,59,2,6,49,1,6,7,3,6,5,3,80,15,16,40,40,59,60,92,60
"332",4,15,70,50,50,50,70,0,30,50,15,30,1,7,48,1,3,6,3,7,7,5,32,27,0,50,50,50,100,50,100
"333",2,85,0,40,50,85,30,100,100,50,70,40,3,2,47,5,4,4,1,3,2,1,55,27,100,100,70,100,40,40,60
"334",2,85,0,50,50,50,10,90,85,50,90,0,3,4,65,4,4,4,1,4,1,3,50,17,85,50,50,85,17,41,17
"335",2,64,0,36,65,51,23,92,70,51,60,23,3,2,50,7,2,1,1,1,1,1,40,25,99,80,71,79,13,16,47
"336",2,70,0,50,50,100,0,85,100,50,70,0,1,2,55,6,3,4,3,3,3,2,40,13,70,70,100,85,30,20,50
"337",2,0,95,50,50,50,90,1,15,50,5,70,4,7,30,1,5,7,3,7,7,3,45,14,50,40,30,50,50,85,50
"338",2,60,15,50,50,50,50,85,60,50,60,40,2,3,52,5,3,1,1,3,3,1,50,26,70,70,50,70,60,40,70
"339",2,2,87,41,32,13,87,13,17,50,1,40,0,5,52,2,5,6,3,6,3,3,72,25,70,15,70,85,85,85,85
"340",3,21,57,50,31,48,53,31,3,52,33,61,2,4,60,2,5,3,1,5,5,3,40,19,51,16,17,58,43,60,45
"341",3,60,12,75,87,44,3,71,40,51,61,16,0,4,59,3,2,2,1,4,7,3,42,17,29,54,29,63,9,12,35
"342",1,100,0,60,85,85,85,100,100,85,100,50,3,3,80,7,7,1,1,4,4,5,50,5,100,97,96,99,97,73,88
