caseid,humanori,atlantis,posthink,fortunet,astrolog,haunting,dreams,ufos,bigfoot,WATCH_TA,WATCH_CO,WATCH_TR,WATCH_CR
2,3,1,1,4,2,2,2,1,1,1,4,1,2
3,2,1,1,2,4,2,2,2,3,4,3,5,5
4,1,,,,,,,,,5,5,3,3
5,1,3,1,3,4,2,2,2,4,4,4,4,5
6,1,2,3,4,4,2,3,1,3,5,4,3,3
7,3,4,4,4,4,4,4,4,4,3,3,3,3
8,3,,,,,,,,,,,,
9,3,4,2,4,4,4,4,4,4,4,3,4,4
10,3,3,2,4,4,2,2,3,3,5,5,4,1
11,1,3,2,3,2,2,2,2,3,2,3,4,5
12,3,2,2,3,3,2,2,2,3,5,5,5,4
13,2,4,4,4,4,4,4,,4,1,1,4,4
14,3,2,2,2,4,2,2,2,2,4,4,3,3
15,3,3,1,2,4,2,2,3,3,3,5,3,3
16,3,2,2,3,3,2,2,2,3,5,3,5,3
17,2,3,2,3,3,3,3,3,3,5,4,5,3
18,3,2,2,3,3,2,2,2,3,4,2,4,2
19,3,4,2,4,4,2,2,3,4,5,4,4,4
20,3,3,3,2,3,3,2,2,3,3,3,3,3
21,2,3,2,3,4,3,3,3,3,4,3,3,4
22,2,2,2,3,3,3,3,3,3,5,3,4,4
23,3,4,2,4,4,4,3,3,4,2,5,5,5
24,2,4,4,4,4,4,4,4,4,3,2,4,3
25,3,2,3,3,4,2,2,2,3,3,2,3,2
26,3,2,2,4,4,4,2,3,3,4,3,,3
27,,2,3,3,4,2,3,2,3,5,5,5,5
28,1,2,2,2,3,2,2,1,3,3,1,3,1
29,3,2,2,3,3,2,2,2,3,4,5,4,4
30,2,4,4,4,4,4,4,4,4,5,5,5,5
31,2,2,3,3,3,2,2,2,3,4,4,4,5
32,3,3,2,2,4,3,3,3,4,3,4,2,2
33,1,1,4,4,4,3,1,4,4,4,4,5,5
35,3,2,2,3,3,3,2,2,3,4,5,5,2
36,1,4,2,3,4,3,3,3,3,5,5,5,2
37,1,2,3,3,3,3,3,3,3,4,3,3,3
38,3,2,3,4,4,4,4,4,3,5,5,5,2
39,2,2,2,2,4,3,2,3,2,3,3,4,5
40,2,3,2,4,4,3,3,,4,3,3,3,3
41,1,2,,3,3,3,2,3,4,,3,3,4
42,2,3,2,3,3,3,2,3,3,2,2,3,4
43,3,2,3,2,3,2,2,2,2,2,1,3,2
44,3,2,2,2,2,2,2,2,3,2,4,2,
45,3,2,2,3,3,2,2,3,3,4,4,4,4
46,1,3,2,4,4,4,4,4,4,3,2,5,5
48,3,2,2,2,2,2,2,2,3,4,3,5,5
49,2,4,3,4,4,4,4,4,4,1,5,5,1
50,2,3,2,4,4,3,3,2,3,5,5,2,4
51,3,3,3,3,4,2,2,2,3,3,3,3,2
52,3,2,1,3,3,2,3,2,3,4,4,5,5
53,3,1,1,2,1,2,1,3,3,4,4,5,4
54,2,3,2,3,3,3,3,2,3,4,4,4,3
55,,,,,,,,,,,,,
56,1,1,1,2,4,2,1,2,3,4,3,5,2
57,1,3,2,3,4,2,2,3,3,5,5,2,1
59,1,4,3,4,4,3,2,4,4,5,5,5,5
60,3,2,2,3,3,3,3,2,3,3,3,4,1
61,3,2,2,3,3,2,3,2,2,3,3,4,5
62,1,,3,4,4,3,2,4,4,2,2,3,3
63,1,3,2,2,3,2,2,4,4,2,3,4,4
64,3,2,2,2,2,4,2,3,2,2,2,3,2
65,1,2,2,3,3,3,3,2,3,4,5,3,1
66,1,3,2,3,4,2,2,2,2,5,3,3,5
67,1,4,4,4,4,1,1,3,3,4,4,4,4
68,3,1,2,3,2,3,3,3,3,2,2,3,1
69,1,2,3,4,4,3,2,3,2,3,4,,1
70,2,4,4,4,4,4,4,3,4,3,3,2,3
71,3,2,2,3,3,2,3,3,3,3,1,1,2
72,3,1,3,3,3,2,2,2,3,5,5,2,4
73,1,3,4,3,4,2,2,3,3,4,4,4,3
74,,,,,,,,,,4,3,4,2
75,3,3,,3,3,3,3,3,3,3,3,2,4
76,1,2,4,4,4,2,4,4,3,3,3,3,3
77,1,3,3,3,3,3,3,3,3,1,5,5,2
78,2,2,3,3,3,2,2,3,4,4,5,5,5
79,2,2,3,4,4,4,4,4,4,5,5,5,5
80,1,2,3,3,3,3,3,3,3,3,3,4,4
81,1,2,2,3,2,2,2,3,3,4,4,4,2
82,1,3,2,4,4,2,2,3,3,4,4,4,5
83,3,,,,,,,,,,,,
84,3,2,2,2,2,2,2,3,3,,4,3,3
85,3,2,2,3,3,3,3,3,3,4,4,3,4
86,3,2,2,3,3,2,3,2,3,3,4,4,2
87,3,2,2,4,4,4,4,1,4,4,4,3,3
88,2,4,3,3,3,3,3,1,3,4,3,4,3
89,1,2,2,4,3,4,2,4,4,5,5,5,5
90,1,3,3,3,4,3,2,4,4,5,5,5,5
91,1,3,2,3,4,3,2,4,4,3,3,2,5
92,3,2,3,4,4,3,2,2,2,4,4,4,4
94,3,1,1,1,1,1,1,1,4,5,5,5,5
96,3,2,2,4,4,4,3,3,3,2,5,4,5
97,3,1,2,2,3,2,2,2,4,4,4,3,2
98,1,4,3,4,4,3,4,3,4,5,5,5,5
99,1,3,2,3,4,4,2,4,3,4,1,3,1
100,1,2,3,3,2,2,3,2,4,4,4,3,3
102,2,3,4,4,4,3,3,2,3,4,5,4,4
103,2,2,2,3,3,1,2,2,2,5,4,5,5
104,1,2,2,3,3,2,3,3,2,,3,4,2
105,1,3,2,3,3,2,2,4,4,3,2,1,1
106,2,2,2,4,2,3,2,3,3,4,3,3,1
107,3,2,2,2,3,1,3,2,4,2,4,4,5
108,,3,2,3,3,3,3,3,3,2,4,2,2
109,2,3,2,4,4,4,4,4,4,3,5,4,2
110,2,,,,,,,,,,,,
111,2,1,3,3,4,4,2,1,4,4,3,5,3
112,3,2,2,3,3,2,2,2,3,4,3,5,3
113,3,2,2,3,3,2,2,3,3,5,4,3,2
114,1,2,2,4,4,3,,2,2,4,3,3,1
115,2,4,4,4,4,4,4,4,4,3,5,3,1
117,1,2,2,2,3,3,2,3,3,4,4,5,5
118,3,2,1,2,2,1,1,1,3,4,3,2,2
119,,,,,,,,,,4,4,3,4
120,1,2,1,2,3,2,1,2,3,4,1,4,5
121,3,2,2,3,3,1,1,3,3,3,2,4,2
122,1,2,3,3,2,2,3,2,2,2,2,2,2
123,2,2,2,4,4,3,3,2,3,1,1,1,1
124,1,2,2,2,2,2,2,2,2,3,3,3,3
125,3,2,2,4,4,4,4,4,4,4,5,4,4
126,1,3,3,3,3,3,3,2,3,5,3,3,1
127,3,1,1,2,2,1,1,2,3,4,4,2,4
128,3,3,2,4,4,3,4,3,4,4,3,4,3
129,3,2,2,2,3,2,2,2,2,4,4,3,3
130,1,1,2,3,3,,3,3,3,5,5,1,5
131,3,3,2,3,3,3,3,3,3,5,5,5,3
132,1,2,1,3,3,2,2,2,2,4,3,3,4
133,1,2,3,4,4,3,3,3,4,3,2,4,2
134,1,2,2,4,4,3,3,3,3,4,4,3,2
135,1,2,2,4,4,4,3,4,4,5,5,4,5
136,2,1,1,4,4,4,2,4,4,5,3,3,3
137,2,2,2,2,2,3,3,3,2,3,4,3,4
138,1,4,4,4,4,4,4,4,4,5,5,5,5
139,1,2,2,3,4,,2,4,4,5,5,5,5
140,3,4,4,4,4,3,4,3,3,5,5,5,2
141,1,2,2,3,3,2,2,3,3,3,4,3,1
142,3,2,2,3,3,3,2,4,3,2,4,3,3
143,3,2,2,2,3,2,2,2,2,1,5,3,1
144,3,2,2,3,3,3,2,2,4,4,5,4,5
145,2,,,,,,,,,,,,
146,1,2,1,2,3,2,3,2,4,4,4,4,4
147,3,2,3,4,3,4,3,4,3,2,2,3,5
148,3,2,2,4,4,2,3,4,3,4,3,3,3
149,1,1,2,4,4,4,2,4,4,1,4,5,5
150,1,2,2,2,2,2,2,3,3,3,2,3,1
151,3,2,2,3,3,3,3,2,3,3,3,3,4
152,1,3,1,4,4,2,2,4,4,5,4,5,5
153,3,3,3,4,4,3,2,3,4,3,2,4,3
154,3,2,2,3,3,3,2,4,4,3,3,4,4
155,3,3,2,3,3,2,2,4,4,2,2,1,3
156,1,4,3,3,,2,2,4,3,3,4,4,1
157,2,2,2,4,4,4,4,4,4,1,2,3,2
158,2,2,2,3,4,1,3,1,2,4,5,3,2
159,2,1,3,4,3,3,4,2,3,4,5,5,2
160,1,2,3,4,4,2,2,2,3,5,3,4,3
161,1,3,2,3,4,1,1,4,4,3,5,3,4
162,3,1,2,3,3,3,2,2,3,4,4,4,4
163,1,2,4,4,4,4,4,2,4,5,1,5,3
164,2,2,2,2,2,2,2,2,2,3,4,4,4
165,1,3,2,3,4,3,2,3,3,3,4,3,2
166,1,2,3,3,3,3,2,3,3,4,2,3,1
167,1,1,1,2,3,2,2,3,4,3,4,3,4
168,3,2,2,2,2,2,2,2,3,4,1,5,5
169,3,2,2,3,3,3,2,3,3,4,3,4,4
170,1,3,3,3,3,3,3,4,4,2,,3,2
171,2,2,3,3,4,3,3,3,4,4,5,3,5
172,1,2,2,3,3,3,2,3,3,3,3,3,3
173,2,3,3,3,4,2,4,2,4,4,3,5,5
174,2,2,2,3,3,2,3,2,3,3,4,3,2
175,1,4,1,3,3,3,3,4,4,5,5,5,5
176,3,2,2,3,3,3,3,4,4,5,4,4,2
177,3,,2,3,3,3,3,3,3,2,3,4,4
178,1,2,2,2,2,3,3,3,2,3,3,3,3
179,1,2,3,3,3,2,2,2,2,3,3,3,4
180,1,2,2,2,2,2,2,2,2,3,3,3,3
181,3,4,3,4,4,3,2,3,3,4,4,3,3
182,1,2,3,3,2,2,2,2,2,4,5,1,3
183,1,2,2,2,2,2,2,2,2,2,2,2,2
184,3,2,2,4,4,4,3,4,4,4,2,2,2
185,3,3,3,4,3,3,2,2,3,3,4,4,3
186,1,4,4,4,4,2,4,4,4,1,5,5,5
187,1,4,3,4,4,4,1,4,4,3,3,4,3
188,2,3,3,4,4,4,4,3,4,5,4,4,4
189,3,2,2,3,3,2,3,3,3,4,4,4,3
191,1,2,2,3,4,3,2,3,3,2,5,3,4
192,3,2,2,,4,2,2,2,3,3,,3,3
193,2,1,2,2,3,3,2,3,4,4,3,,3
194,1,2,1,3,2,3,2,2,3,2,2,2,2
195,1,3,2,4,4,4,4,4,4,,,,
196,2,4,4,4,4,4,4,,4,4,5,3,5
197,3,2,3,3,4,3,3,3,3,3,5,4,4
198,1,3,3,3,4,2,2,2,3,5,5,4,5
199,3,2,2,4,3,2,2,3,3,4,4,3,2
200,1,2,2,3,4,3,2,3,3,3,2,4,3
201,1,1,1,4,4,1,1,1,4,5,5,5,5
202,2,2,2,3,3,2,2,2,3,5,4,4,2
203,1,3,1,2,4,2,1,2,1,3,5,2,
204,3,3,1,3,2,3,3,3,3,3,3,3,3
205,2,1,3,3,3,3,3,3,3,4,2,4,4
206,2,1,1,4,4,4,4,2,3,1,1,4,3
207,3,2,2,3,3,2,2,2,3,3,4,4,4
208,3,2,2,3,4,4,4,4,4,3,1,1,1
209,1,3,3,4,3,2,2,3,3,4,4,3,4
210,3,2,2,3,2,3,2,3,2,4,4,3,5
211,1,4,3,4,4,4,4,4,4,5,5,5,3
212,3,2,2,3,3,3,3,3,2,4,3,3,2
213,1,1,2,4,4,2,2,3,4,4,4,5,5
214,2,2,3,3,3,3,3,3,3,4,3,4,4
215,2,2,2,4,4,4,4,4,4,5,4,4,2
216,1,3,2,3,4,1,1,2,2,5,2,5,5
217,2,3,2,3,3,2,1,4,4,5,3,4,4
218,3,2,2,2,3,1,2,2,2,2,5,3,2
219,3,2,2,4,4,2,3,2,4,4,4,5,5
220,1,2,2,3,4,2,1,2,4,2,2,4,1
222,1,3,2,3,3,2,2,3,3,1,4,1,1
223,3,,2,3,3,3,3,3,3,3,5,4,4
224,3,2,2,3,3,2,2,3,3,4,5,3,3
225,3,1,1,4,3,3,3,2,3,1,5,3,4
226,2,3,3,2,3,3,3,3,3,2,3,5,5
227,3,2,3,3,3,3,3,3,3,4,4,4,4
228,2,1,2,3,3,2,2,2,3,5,4,5,5
229,3,3,2,3,4,2,2,3,4,5,3,5,4
230,1,2,2,4,4,4,4,4,3,5,4,5,4
231,3,1,1,1,1,2,1,3,2,1,3,1,5
232,3,2,2,3,3,2,1,1,2,4,2,3,2
233,3,2,2,3,3,2,2,2,3,5,4,4,4
234,2,2,3,4,4,4,3,4,4,3,4,4,3
235,3,2,2,3,4,2,2,2,3,3,3,5,4
236,3,3,3,4,4,4,3,4,4,4,5,5,1
237,1,3,1,4,4,4,2,3,2,1,3,4,4
238,1,3,3,4,3,3,3,4,4,5,,2,5
239,1,3,3,4,4,4,2,4,4,5,2,2,5
240,1,2,2,4,4,2,2,4,3,2,5,2,1
241,2,4,2,4,4,4,4,4,4,4,3,5,3
242,,,,,,,,,,,,,
243,1,3,3,4,4,4,2,4,2,4,4,4,5
244,3,,2,3,2,3,2,,3,3,4,4,3
245,3,2,3,3,3,2,2,2,3,3,4,3,3
246,2,3,2,3,3,2,2,3,3,4,5,5,5
247,,3,2,2,3,1,2,2,4,4,4,3,3
248,1,2,3,4,4,4,2,3,3,5,5,5,5
249,2,2,3,4,4,4,3,3,4,4,5,5,4
250,3,3,,2,4,2,2,1,3,4,1,1,1
251,1,3,4,4,4,1,2,4,4,4,3,4,2
252,3,3,4,3,4,2,1,2,2,1,4,4,5
253,1,4,2,4,4,2,2,2,2,4,2,5,5
254,1,1,2,2,4,,2,4,3,4,4,4,1
255,3,3,2,4,4,3,2,3,3,5,5,5,3
256,3,2,2,3,4,2,2,2,3,4,3,3,4
257,3,2,2,3,3,2,2,2,3,5,4,5,5
258,1,3,1,4,4,2,2,3,3,5,5,5,4
259,3,2,3,4,4,2,3,1,4,4,5,2,4
260,1,2,2,4,4,3,3,3,3,5,5,4,4
261,3,2,2,3,3,3,2,2,2,4,5,4,5
262,1,1,1,1,1,1,1,1,1,5,5,5,5
264,2,2,2,3,3,2,2,2,3,3,3,3,3
265,1,2,2,3,3,2,2,2,2,3,4,3,1
266,1,3,2,3,3,2,3,3,3,4,4,4,1
267,3,3,2,4,4,4,2,4,4,4,,4,4
268,2,2,2,3,3,2,2,3,2,5,5,5,5
269,1,2,3,4,4,4,2,4,4,3,5,3,3
270,1,2,2,2,4,1,1,2,3,5,4,3,3
272,,3,2,3,3,2,2,2,3,5,5,5,5
273,2,2,2,3,3,2,2,2,2,4,3,4,5
274,3,3,2,2,3,3,2,3,3,2,2,2,2
275,1,3,2,2,3,2,3,2,3,3,3,3,4
277,3,3,2,3,3,2,2,2,3,5,5,5,5
278,1,,,,,,,,,,,,
279,1,2,3,3,3,2,3,3,2,2,3,2,2
280,3,1,2,3,,2,1,1,1,2,3,2,1
281,1,1,1,2,3,2,1,2,2,3,3,4,2
282,1,3,2,2,1,1,2,2,,1,1,1,1
283,,3,2,3,3,2,3,3,3,3,4,3,4
284,1,3,2,4,4,3,,4,4,5,5,5,3
285,1,4,2,4,4,2,2,4,4,4,4,3,5
286,3,2,2,3,3,2,2,2,2,4,4,2,2
287,2,3,1,2,2,2,2,2,4,3,4,5,1
288,1,2,3,4,3,3,2,3,4,4,5,3,2
289,3,2,3,3,3,2,2,3,3,4,4,4,3
290,3,2,3,4,4,2,4,2,3,4,4,4,4
291,,,,,,,,,,,,,
292,3,2,2,2,2,3,3,3,2,5,5,3,2
293,2,2,2,3,3,2,2,2,3,3,2,2,3
294,3,4,2,3,3,2,2,4,4,5,5,5,3
295,2,3,3,3,3,3,3,3,3,4,3,3,2
296,2,3,3,2,2,3,3,4,4,3,4,1,5
297,3,2,2,3,2,2,2,2,3,4,4,4,4
298,2,2,2,4,4,2,3,2,3,4,4,3,3
299,3,2,2,3,3,2,2,2,3,3,4,3,4
300,2,2,3,3,2,3,3,1,4,5,3,2,3
301,3,2,2,3,3,2,2,3,3,2,2,3,3
302,1,2,2,3,4,2,2,2,3,4,4,4,3
303,3,1,2,3,3,2,3,2,2,5,4,4,3
304,3,2,2,2,2,2,2,2,3,4,4,3,2
305,1,3,2,4,4,3,4,2,3,4,5,4,5
306,2,2,2,3,3,2,3,3,3,5,5,4,4
307,2,4,4,4,4,4,4,4,4,5,5,5,5
308,1,2,1,2,4,1,3,4,2,4,1,1,3
309,2,2,2,2,3,2,2,2,3,3,3,3,3
310,3,2,2,3,4,2,3,3,3,1,3,4,4
311,1,2,2,3,3,2,2,3,3,2,3,2,1
312,1,2,2,3,3,2,2,4,4,4,4,3,3
313,1,3,2,3,3,3,2,3,3,5,2,5,3
314,2,1,2,3,2,2,2,2,3,5,5,4,2
315,2,3,2,3,3,2,3,2,3,4,4,3,3
316,1,2,2,3,3,3,2,2,2,5,1,4,5
317,3,2,2,3,2,3,2,3,3,3,3,4,3
318,3,2,2,2,3,2,3,2,2,4,3,3,2
319,1,2,2,4,3,2,2,2,3,1,1,2,2
320,1,2,1,3,3,1,2,2,2,5,3,2,4
321,1,3,2,4,4,3,3,3,3,2,2,4,3
322,3,2,2,4,4,2,3,2,4,4,4,4,3
323,2,2,2,2,3,2,1,1,1,3,3,2,2
324,2,2,2,3,3,2,2,2,3,5,4,5,4
325,3,3,3,3,3,2,2,2,3,2,4,2,4
326,3,1,3,4,4,3,2,4,3,5,5,5,5
327,1,3,2,4,4,1,1,2,2,4,4,4,4
328,1,3,2,4,4,3,2,4,4,4,2,3,3
329,1,2,2,3,3,3,3,2,2,4,4,3,4
330,1,3,3,3,4,2,3,3,3,3,1,4,3
331,1,1,1,3,4,2,3,4,4,5,5,5,5
332,1,2,2,3,3,3,3,3,3,4,3,4,1
333,1,4,3,4,4,3,4,3,4,4,4,3,3
334,2,3,3,4,4,3,3,2,4,4,3,4,5
335,1,2,2,3,3,2,2,2,2,4,3,2,2
336,1,1,2,2,3,1,1,2,2,3,3,3,3
337,2,2,3,4,3,3,3,2,2,4,3,3,4
338,2,2,3,4,4,3,2,4,4,5,4,3,2
339,1,1,2,4,4,2,3,3,3,3,5,3,3
340,3,2,2,3,3,3,1,2,3,4,2,5,5
341,1,3,2,4,4,4,3,3,3,1,2,3,1
342,2,4,2,4,4,4,2,4,4,5,3,5,4
343,2,3,3,3,3,3,3,3,3,1,3,4,4
344,1,2,2,2,2,2,2,3,2,3,3,2,2
345,3,3,2,3,3,2,2,2,2,5,5,5,5
346,1,3,2,3,3,3,2,3,3,3,3,3,4
347,1,2,3,2,3,2,2,2,2,4,2,4,1
348,1,2,2,4,3,1,2,2,2,5,5,5,5
349,2,3,2,4,4,4,4,3,3,5,5,3,3
350,3,1,2,3,3,3,2,2,2,4,5,3,1
351,2,2,2,4,4,1,3,2,3,5,5,4,2
352,1,3,3,4,4,1,2,4,4,1,1,1,4
353,2,2,1,3,3,2,3,2,3,3,,2,3
354,3,2,2,3,3,2,2,2,2,4,4,4,4
355,1,2,2,2,2,2,2,2,3,2,3,2,1
356,3,2,2,4,4,3,3,2,3,3,4,3,5
357,1,2,2,4,4,2,2,3,2,3,3,2,3
358,1,2,2,4,4,3,2,2,3,4,,3,1
359,2,2,2,2,3,2,2,2,2,3,3,3,3
360,1,3,3,3,4,2,2,3,3,5,5,5,5
361,1,3,2,2,3,3,3,2,3,3,3,3,1
362,1,2,2,2,3,2,1,3,3,3,2,3,4
363,1,2,2,3,3,3,3,3,3,4,4,3,3
364,2,2,2,4,3,3,3,2,2,5,3,5,5
365,1,2,2,3,3,3,2,3,3,3,5,2,3
366,2,3,2,4,4,4,4,4,4,3,2,3,2
367,1,3,3,3,3,3,2,4,4,4,4,2,4
368,3,3,3,4,4,3,1,3,4,4,5,5,5
369,1,2,3,3,3,,,3,,5,4,4,4
370,3,3,2,3,3,3,2,2,3,2,2,2,3
371,1,3,2,3,3,2,4,3,3,1,1,1,1
372,1,2,2,3,3,2,2,2,3,5,4,4,4
373,1,2,3,3,3,2,3,3,3,5,4,5,5
374,1,4,2,3,3,2,3,3,3,1,4,5,3
375,3,2,2,4,3,3,3,2,3,5,3,4,3
376,3,2,2,3,3,3,3,3,4,4,5,4,4
377,1,2,2,3,4,2,1,3,4,3,4,2,2
378,2,4,3,4,4,4,4,3,4,5,3,5,3
379,2,4,2,4,4,4,4,3,4,4,4,5,3
380,3,2,2,3,3,2,2,2,2,3,2,2,2
381,1,3,2,3,4,2,2,3,4,5,4,3,1
382,1,2,3,3,4,3,2,2,3,2,2,3,3
383,3,2,1,2,4,1,2,2,4,4,4,4,1
384,3,2,2,3,3,3,3,3,3,3,3,4,3
385,2,2,2,3,3,3,3,1,3,4,4,1,2
386,3,3,1,3,4,3,3,3,4,5,4,5,5
387,3,2,2,3,3,2,2,2,2,4,2,3,2
388,3,2,1,3,4,2,2,3,3,1,5,4,1
389,3,1,1,2,3,1,1,2,3,3,3,4,2
390,3,1,2,3,3,2,3,2,3,4,1,3,3
391,1,3,3,4,4,4,4,4,4,4,4,5,5
392,1,2,2,3,3,2,1,3,3,1,2,3,3
393,3,2,2,3,2,2,2,2,4,4,5,3,3
394,3,2,2,2,1,2,2,2,2,4,5,4,2
395,,,,,,,,,,,,,
396,3,2,2,3,3,2,2,3,3,2,2,4,3
397,1,3,3,2,4,2,2,4,2,4,4,4,2
398,2,4,4,4,2,4,2,2,2,5,3,3,5
399,1,1,1,4,4,2,2,4,4,4,4,2,1
400,1,4,2,3,3,3,3,3,4,4,3,4,1
401,3,2,1,4,4,2,2,2,3,4,4,5,3
402,1,2,1,2,4,1,2,4,3,5,4,5,3
403,2,3,2,4,4,3,2,3,3,3,5,5,5
404,1,2,2,3,3,2,2,2,2,3,5,3,3
405,1,3,2,3,3,3,3,3,3,5,5,3,5
406,3,2,2,3,3,2,2,2,3,3,3,2,1
407,3,3,2,3,3,3,2,3,3,3,3,3,4
408,3,2,3,4,4,4,4,4,4,3,5,3,1
410,3,3,3,3,4,3,3,3,4,3,2,3,2
412,3,3,2,3,3,2,2,2,3,5,5,4,4
413,2,3,3,4,4,4,3,3,3,3,2,3,2
414,1,2,2,4,3,3,2,3,4,3,4,3,1
415,1,2,2,4,4,2,3,2,3,4,4,4,1
416,3,3,2,4,4,3,2,4,4,5,1,5,5
417,3,2,2,3,3,2,2,2,3,4,3,4,2
418,3,4,2,4,4,2,3,3,3,4,5,4,2
419,,2,2,3,2,2,2,2,2,5,5,1,1
420,3,3,3,4,4,4,4,4,4,2,2,4,
421,3,3,3,2,3,3,2,3,3,3,5,1,1
422,2,3,3,4,4,4,3,4,3,5,5,5,5
423,3,2,2,3,3,3,3,3,3,4,2,3,3
424,2,3,3,4,4,4,4,2,4,4,3,4,4
425,1,2,2,3,3,2,2,3,4,5,5,5,5
426,2,4,2,4,4,3,3,3,3,4,4,5,3
427,3,2,2,3,3,3,2,3,4,4,4,1,2
428,1,4,3,4,4,4,2,4,4,1,1,3,2
429,2,3,4,4,4,4,4,3,4,5,5,3,2
430,1,3,2,4,4,2,2,3,4,5,5,5,5
431,2,2,3,3,3,2,2,3,3,5,5,2,2
432,1,3,3,4,4,2,3,2,3,1,3,4,5
433,1,2,3,4,3,2,3,3,3,5,4,3,3
434,3,2,3,3,3,3,2,3,4,3,1,4,3
435,3,3,3,2,3,2,1,2,3,5,5,4,4
436,2,2,2,3,4,2,3,1,4,5,4,5,5
437,2,2,1,2,3,3,2,2,3,5,5,5,5
438,3,3,3,3,3,3,2,3,3,5,3,5,3
439,2,2,2,3,4,2,2,,3,5,5,1,1
440,3,2,2,4,3,4,4,4,3,1,3,5,1
441,,,,,,,,,,,,,
442,3,2,2,3,3,2,2,2,3,5,3,2,3
443,3,2,2,3,3,3,2,3,3,4,3,4,4
444,2,2,2,3,3,3,3,3,3,4,5,4,4
445,1,3,2,3,3,3,3,3,3,5,1,4,4
446,3,3,2,3,4,2,2,3,3,5,5,5,5
447,3,2,2,4,4,4,4,4,4,4,3,4,3
448,1,2,2,3,3,3,3,3,3,3,3,2,4
449,3,3,2,4,4,2,2,2,4,4,3,3,5
450,1,3,2,3,3,2,2,3,3,5,5,5,5
451,3,4,2,3,3,4,3,2,3,5,2,5,1
452,1,1,1,1,1,1,1,1,1,2,2,2,2
453,1,4,2,4,4,4,2,4,4,1,1,1,1
454,1,4,2,4,4,4,2,2,4,3,4,3,2
455,1,2,2,2,2,2,2,2,2,2,2,2,2
456,3,3,3,4,4,4,4,3,3,3,2,4,2
457,1,3,3,3,3,2,2,3,3,5,5,4,3
458,3,2,2,4,4,2,3,4,3,3,3,3,3
459,1,3,4,4,4,4,1,4,4,4,2,4,5
460,1,2,2,3,3,3,,3,3,3,2,1,1
461,2,3,2,3,3,3,2,3,3,3,4,4,3
462,3,4,4,4,4,4,4,4,4,5,3,5,5
463,2,1,1,1,1,1,1,1,2,4,4,3,2
464,1,3,2,3,3,3,3,3,3,4,4,4,4
465,2,4,4,4,4,4,4,4,4,1,3,4,4
466,2,3,3,4,4,4,4,3,4,3,3,4,3
467,3,2,2,2,2,2,2,2,2,5,4,3,2
468,3,3,2,4,4,2,1,2,3,4,2,4,2
469,1,1,3,4,3,3,2,3,3,2,2,4,1
470,1,2,2,2,2,2,2,3,3,3,3,3,3
471,2,2,2,2,2,2,2,2,2,5,5,4,5
472,1,2,2,2,2,2,2,2,3,2,4,3,5
473,3,3,2,4,,2,2,3,3,4,3,4,1
474,1,2,2,4,4,4,3,4,3,2,1,1,1
475,3,2,2,3,4,3,3,3,3,4,3,3,3
476,3,2,2,3,3,3,3,3,3,5,5,5,5
477,3,2,2,3,3,2,2,3,3,5,2,4,4
478,1,1,1,1,1,1,1,1,1,,,,
479,2,3,1,3,3,2,2,3,3,5,5,5,5
480,2,4,4,4,4,4,4,4,4,5,5,5,5
482,1,3,3,4,4,4,2,4,3,4,2,5,3
483,1,2,2,4,4,2,2,2,2,5,5,1,3
484,1,2,1,4,4,4,4,4,4,5,3,4,2
485,2,3,2,4,4,2,3,2,2,4,2,2,1
486,3,2,2,3,4,2,2,3,2,3,2,4,3
487,2,2,2,3,3,2,2,2,3,3,3,3,2
488,1,,4,4,4,4,4,4,,4,,4,
489,1,4,2,4,4,4,2,2,4,5,5,5,2
490,2,,2,4,4,4,3,4,3,4,4,5,4
491,1,2,1,4,4,2,2,3,3,1,1,1,1
492,3,1,2,3,3,2,2,2,2,5,2,5,2
493,1,2,2,3,3,3,2,3,3,4,5,5,1
494,2,2,3,3,3,2,2,2,3,2,4,1,1
495,1,2,1,1,2,3,1,2,3,2,2,4,4
496,2,4,3,4,4,4,4,4,4,5,4,3,4
497,1,2,2,3,3,2,2,3,4,3,3,4,2
498,3,2,2,2,3,2,2,3,3,4,5,4,3
499,1,4,1,4,4,2,1,3,4,5,4,5,5
500,3,2,2,2,3,2,2,2,3,3,1,1,4
501,1,2,3,3,3,2,3,3,3,4,3,4,4
502,2,4,2,4,4,4,4,3,4,4,1,5,5
503,1,2,2,3,3,3,3,3,3,5,5,2,1
504,1,2,2,3,3,3,3,3,3,4,5,3,3
505,1,4,1,4,4,4,4,4,4,5,5,1,3
507,1,1,2,4,4,4,2,4,4,1,5,1,1
508,2,2,2,3,3,3,2,1,2,5,4,5,5
509,3,3,3,4,4,3,3,3,4,,,,
510,2,3,3,4,4,3,3,3,3,5,4,5,4
511,3,2,3,3,2,3,2,2,3,4,2,4,4
512,1,3,3,3,3,3,3,3,3,5,4,4,3
513,2,1,4,4,4,2,2,4,4,4,4,4,4
514,3,2,2,3,3,3,3,2,3,4,4,3,2
515,1,3,3,3,3,3,3,3,3,4,1,4,4
516,,,,,,,,,,5,3,4,3
517,3,2,3,4,4,2,2,3,4,4,1,5,1
518,3,3,2,,4,2,2,3,3,5,5,3,3
519,3,2,2,2,2,2,2,2,3,4,3,3,3
520,2,3,2,4,4,3,3,3,4,5,4,5,3
521,3,3,2,4,3,3,3,2,3,4,4,3,3
522,2,2,2,3,4,2,2,2,2,4,2,2,4
523,3,2,3,4,3,3,3,3,3,5,2,5,3
524,1,2,2,4,2,1,1,2,3,3,1,1,1
525,1,,,3,3,3,3,3,3,2,3,3,3
526,2,,1,,,3,,,,,,1,
527,1,2,2,2,2,2,2,2,2,3,3,3,3
528,3,2,2,3,3,2,3,2,3,3,1,4,3
529,,2,2,2,2,2,2,3,,2,3,4,4
530,1,3,4,4,4,4,2,4,3,5,5,5,5
531,1,2,3,3,3,3,3,2,2,4,5,5,4
532,2,4,4,4,4,4,4,3,4,3,3,5,5
533,3,2,2,3,3,2,2,3,3,4,4,4,4
534,3,1,2,2,2,2,1,1,3,5,2,4,4
535,1,3,2,3,3,2,2,4,4,1,2,3,3
536,3,3,2,3,3,2,2,2,3,5,2,4,3
537,1,2,2,4,2,4,2,3,4,2,2,4,5
538,3,2,2,4,4,3,2,3,3,5,3,2,4
539,2,3,3,3,3,3,3,3,3,4,4,5,5
540,1,2,1,3,3,3,1,2,3,4,1,3,2
541,2,2,2,3,3,2,2,2,3,3,3,4,1
542,1,3,2,3,4,3,3,3,4,5,5,5,5
543,1,3,2,3,3,3,3,3,3,4,3,3,4
544,2,3,2,4,3,4,4,4,4,3,5,4,4
545,3,2,2,3,2,2,3,2,3,4,5,4,3
546,1,2,3,3,4,3,3,3,3,4,1,1,4
547,3,3,2,4,4,2,2,3,4,3,3,3,2
548,2,3,4,4,4,4,4,4,4,4,3,3,3
549,1,2,3,3,3,2,3,3,,3,3,3,4
550,3,3,2,3,3,3,3,4,3,4,5,4,1
551,2,3,3,3,3,3,3,3,3,3,2,3,3
552,3,2,2,3,4,2,2,3,3,5,4,4,4
553,3,2,2,3,3,2,2,3,3,5,5,5,5
554,3,2,2,3,3,3,3,3,3,4,4,2,2
555,3,3,3,4,4,3,4,2,3,4,4,3,5
556,2,,4,4,4,4,2,4,4,4,5,5,5
557,,,,,,,,,,3,4,4,2
558,3,2,3,3,3,3,3,3,3,5,3,4,2
559,3,2,3,3,4,3,2,3,3,5,4,4,3
560,3,2,2,3,3,2,2,3,3,4,3,4,4
561,2,2,2,3,4,3,3,3,3,4,4,5,3
562,1,2,2,3,4,4,4,2,2,4,3,3,2
563,1,2,2,3,4,2,2,2,3,3,4,3,3
564,3,2,2,2,2,2,2,2,2,2,3,2,2
565,3,3,3,3,3,2,3,3,3,4,3,3,3
566,3,3,3,3,3,2,2,4,4,4,3,3,4
567,1,2,2,4,4,4,4,2,3,3,3,1,1
568,2,1,2,3,3,2,,2,2,3,3,1,1
569,1,2,3,3,3,2,2,2,4,4,2,2,2
570,3,2,3,3,2,3,3,3,3,4,4,3,5
571,3,2,2,2,3,2,2,2,2,4,2,4,2
573,3,2,2,2,,2,3,2,2,4,3,,2
574,1,2,2,2,3,2,3,3,3,5,5,3,5
575,3,2,2,3,2,2,3,2,2,5,2,3,5
576,1,2,2,4,4,2,2,2,3,3,2,5,2
577,3,,2,3,3,3,3,3,3,4,2,3,2
578,3,1,1,1,2,1,1,2,4,4,4,5,4
579,3,2,2,2,2,2,2,3,3,5,4,2,5
580,3,2,,3,3,3,3,2,3,4,3,4,2
581,1,2,3,3,4,2,3,4,3,4,3,3,3
582,3,2,2,2,2,1,2,2,2,3,3,4,4
583,1,3,2,4,4,3,2,3,4,4,4,4,4
584,1,2,2,2,3,2,2,2,3,3,4,3,1
585,1,2,2,3,3,2,2,2,2,5,4,5,4
586,1,2,2,3,3,2,3,2,2,3,5,5,5
587,,2,3,4,4,2,1,3,2,1,4,3,2
588,3,2,1,2,4,1,2,2,3,2,3,1,1
589,1,3,3,4,4,4,4,4,3,2,5,4,4
590,2,2,2,3,4,4,2,3,4,4,4,5,4
591,3,4,4,4,4,4,4,4,4,4,4,4,4
592,3,3,2,3,3,3,3,3,3,5,5,3,5
593,1,3,3,3,3,3,3,3,3,1,5,3,5
594,1,2,2,4,4,2,2,2,4,2,2,1,3
595,1,3,2,3,4,2,2,3,4,3,3,3,3
596,1,2,2,4,4,4,3,4,4,2,1,2,2
597,3,3,2,3,4,2,2,2,2,3,3,5,5
598,1,1,1,1,1,1,1,1,1,5,5,5,5
599,3,2,2,4,3,1,2,2,4,4,3,,2
600,1,3,2,4,4,2,4,4,4,4,5,5,2
601,2,3,4,4,4,4,4,4,4,5,2,4,4
602,,3,4,3,4,2,2,2,3,4,4,4,3
603,1,3,2,4,4,3,2,4,4,1,2,2,5
605,3,2,2,3,4,2,2,2,4,3,4,4,4
606,2,2,4,4,4,3,2,3,4,2,4,4,3
607,1,1,2,4,2,3,2,4,3,2,2,3,3
608,1,3,2,3,3,3,2,3,3,5,5,4,2
609,3,2,2,2,2,2,2,2,2,4,4,4,3
610,1,2,2,1,,2,2,3,3,4,2,3,2
611,1,2,3,3,4,4,3,4,2,3,2,3,3
612,1,2,2,2,3,2,2,3,3,2,3,3,2
613,2,2,2,3,3,4,3,3,3,3,1,3,4
614,3,2,2,3,3,2,2,3,3,1,4,1,2
615,1,3,2,4,4,3,4,4,4,5,5,5,5
616,1,2,3,3,3,3,3,3,3,2,3,1,1
617,2,2,2,3,3,2,3,3,3,3,3,4,2
618,1,2,2,3,3,3,3,3,4,4,4,4,4
620,1,3,2,4,4,2,3,3,3,5,5,5,4
621,1,2,2,2,2,2,2,2,2,3,3,3,3
622,2,4,1,4,4,3,3,2,3,5,4,3,3
623,3,2,2,3,2,2,2,2,3,2,3,3,4
625,1,3,3,4,4,3,2,3,2,3,3,2,2
626,1,2,3,4,4,4,2,4,3,4,4,4,3
627,1,1,3,3,4,2,2,3,3,3,3,4,3
628,3,1,2,3,2,3,2,2,3,3,3,1,1
629,1,3,2,3,3,2,3,3,3,1,3,4,5
630,3,2,2,3,3,3,2,2,3,4,5,4,2
631,,,2,,3,2,2,,,3,3,3,2
632,1,2,2,3,3,2,2,2,3,3,3,4,2
633,1,2,2,3,3,3,2,3,3,4,4,4,4
634,1,2,4,4,4,2,2,4,2,3,2,2,1
635,3,1,2,2,3,2,2,2,2,4,3,4,1
636,2,2,4,4,4,4,3,2,2,3,3,4,2
637,3,3,2,2,3,2,2,2,2,4,4,2,1
638,3,2,2,3,3,3,3,3,3,4,5,2,4
639,1,2,2,2,2,1,2,3,3,2,3,1,1
640,1,3,1,3,3,2,2,2,3,2,3,2,2
641,3,2,2,3,3,2,2,3,2,3,2,2,2
642,1,2,1,4,4,3,2,3,2,3,3,3,2
643,1,2,3,3,3,2,2,2,3,3,3,4,4
644,2,3,3,4,4,4,3,3,4,4,4,5,2
645,1,2,3,3,4,2,2,3,3,3,4,2,3
646,3,3,2,3,3,3,3,3,3,4,4,3,2
647,3,2,2,4,4,3,3,2,2,4,5,5,3
648,2,4,4,4,4,4,4,2,4,5,5,5,5
649,1,2,3,2,3,2,3,2,3,3,3,3,
650,3,3,3,4,4,3,3,3,4,4,5,4,5
651,3,3,3,4,4,2,2,2,3,4,4,3,1
652,2,1,4,4,4,1,2,1,1,4,4,2,1
653,2,2,3,3,4,3,3,2,3,4,4,,2
654,1,2,3,4,4,3,4,3,4,3,4,3,2
655,2,4,4,4,4,4,4,4,4,5,5,5,5
656,3,2,3,3,3,3,2,3,2,4,3,4,4
657,,2,3,4,4,2,2,2,3,4,4,4,4
658,3,2,3,4,3,2,2,1,3,3,5,5,2
659,1,2,3,3,3,3,3,3,3,2,2,2,2
660,3,2,2,2,2,2,2,2,2,2,1,3,3
661,2,2,2,2,3,2,2,2,3,4,3,4,4
662,2,4,4,4,4,4,4,4,4,5,5,5,5
663,2,2,2,3,3,2,2,3,3,3,3,2,3
664,3,2,2,4,4,,3,4,3,3,3,3,2
665,3,2,2,4,3,1,2,2,2,1,5,,1
666,3,1,1,2,2,1,1,2,2,4,5,2,3
667,3,2,2,4,4,3,2,4,3,3,5,5,5
668,1,4,2,4,4,1,1,4,3,5,4,4,4
669,3,2,2,3,3,2,3,3,3,4,5,3,2
670,3,3,3,4,4,4,4,2,2,3,3,4,3
671,1,2,2,3,3,2,2,2,3,4,4,2,2
672,1,2,2,3,3,3,2,3,3,3,3,4,4
673,3,2,2,3,3,2,2,2,2,4,4,3,3
674,3,3,3,3,3,2,2,3,3,5,5,5,2
675,3,3,3,3,3,3,3,3,3,3,5,3,1
676,1,2,2,4,4,4,4,4,4,1,3,3,4
677,1,4,1,4,4,1,2,2,2,3,4,3,4
679,1,3,3,3,3,3,3,3,3,5,5,3,3
680,1,2,2,3,3,2,3,3,3,2,2,3,2
681,1,2,2,3,3,2,3,2,3,3,3,3,5
682,1,2,2,2,2,2,2,2,2,4,4,4,4
683,1,2,3,3,4,3,3,3,3,4,2,2,2
684,1,2,4,2,4,2,2,4,4,3,3,1,5
685,3,3,3,2,3,3,3,3,4,5,5,5,5
687,1,4,2,4,4,4,4,4,4,3,2,3,2
688,1,2,2,3,4,2,2,2,2,2,3,3,2
689,3,2,2,2,3,1,2,2,3,4,3,,5
691,1,2,3,3,3,3,2,3,3,3,4,4,1
693,2,2,2,2,4,2,2,2,2,4,3,3,3
694,3,1,2,3,4,2,2,2,2,4,4,5,1
695,1,1,2,3,2,1,2,1,2,3,3,2,3
696,2,3,4,4,4,4,4,4,4,2,5,5,5
697,2,2,2,3,3,3,3,3,3,3,3,4,3
698,3,2,2,3,3,2,3,2,3,5,5,5,5
699,3,2,3,2,3,2,2,3,3,4,3,2,1
700,3,3,3,4,4,4,4,4,4,4,4,4,2
701,1,3,4,4,4,2,1,4,3,5,5,5,5
702,1,3,3,2,3,2,2,3,3,3,2,5,5
703,3,2,3,3,3,2,1,3,3,3,3,3,3
704,3,3,3,4,4,3,3,3,4,4,3,4,3
705,2,1,2,4,4,2,1,1,2,3,1,1,1
706,,2,4,4,4,2,2,2,3,4,,1,5
707,2,2,2,3,3,2,2,3,3,3,3,4,2
708,2,2,3,3,3,3,2,3,3,4,4,4,4
709,1,3,2,4,4,4,4,4,4,4,4,4,5
710,3,4,4,4,4,4,4,4,4,4,5,5,5
711,3,2,2,3,2,3,2,2,3,4,4,4,3
712,2,1,3,4,4,2,2,2,2,1,2,3,4
713,1,2,2,3,4,1,2,2,1,4,3,2,4
714,1,4,4,4,4,2,2,4,4,1,2,1,4
715,1,2,2,3,3,2,3,2,2,3,5,3,4
716,1,2,2,4,4,2,2,3,3,3,4,3,4
717,2,2,2,3,3,2,2,2,2,4,5,4,2
718,1,3,2,3,3,2,3,2,4,3,2,3,2
719,3,2,2,3,3,2,2,2,3,4,4,5,1
720,3,2,1,3,4,3,2,4,4,5,5,5,1
721,2,2,3,3,2,3,3,4,4,2,2,3,3
722,1,3,2,3,3,2,2,3,2,3,4,3,2
723,1,2,2,3,3,3,3,2,3,2,2,2,3
724,1,2,2,1,1,1,1,3,2,1,1,1,1
725,1,2,2,3,2,2,2,2,3,4,3,3,3
726,1,3,2,4,3,3,2,4,4,3,3,4,1
727,1,3,2,4,3,3,2,3,4,3,2,3,3
728,1,2,3,3,3,2,2,2,3,5,5,5,3
729,2,1,2,4,3,4,2,3,4,4,4,4,1
730,1,2,3,3,4,2,2,3,3,4,5,3,1
731,,,,3,4,,,,,2,3,4,4
732,2,2,2,2,2,3,2,2,3,1,3,3,1
733,3,2,2,3,3,3,3,3,3,4,3,4,2
734,3,2,2,4,4,2,1,2,2,3,3,2,2
735,3,2,2,3,3,2,2,2,2,4,3,3,4
736,3,2,2,3,3,3,3,3,3,5,4,5,5
737,2,2,2,3,3,3,3,2,3,4,4,4,3
738,3,3,2,3,3,2,3,3,3,5,5,5,5
739,1,3,2,3,4,4,4,3,4,3,4,3,2
740,3,3,2,4,4,4,3,4,4,4,5,5,5
741,1,2,2,3,3,2,3,3,3,2,2,4,4
742,3,2,2,2,3,3,3,2,2,3,2,2,4
743,1,2,2,4,3,3,2,4,4,3,5,2,5
744,1,2,3,3,3,2,3,3,3,4,4,1,1
745,1,3,3,3,3,3,3,3,3,3,3,1,1
746,3,3,4,4,4,3,3,4,4,1,3,3,3
747,,,,,,,,,,3,3,3,3
748,1,3,2,4,4,2,3,2,2,3,2,2,2
749,1,2,2,3,3,3,2,2,3,3,2,4,2
750,1,2,2,3,,3,3,2,3,4,4,3,5
751,2,3,3,4,4,4,4,4,4,3,3,3,4
752,1,2,2,4,4,4,3,3,3,3,2,4,3
753,2,2,2,3,4,4,3,4,3,,3,,3
754,1,1,1,3,3,2,2,2,3,4,3,4,4
755,2,3,2,3,3,3,2,3,3,4,2,4,2
756,3,2,2,2,3,1,3,2,3,2,2,3,2
757,3,2,2,2,2,2,2,2,2,5,4,5,5
758,3,2,2,2,3,1,2,2,2,4,3,3,3
759,3,2,2,4,4,3,3,3,3,5,5,5,5
760,1,2,2,3,4,2,2,4,3,5,4,4,4
761,1,2,2,3,3,,2,2,2,3,4,3,3
762,3,3,2,3,3,2,2,2,3,4,3,,3
763,1,3,2,3,3,3,3,3,3,4,5,3,4
764,3,2,1,3,2,2,3,2,3,4,2,4,4
765,1,2,2,4,4,2,4,4,4,3,2,5,5
766,3,3,2,4,4,4,4,3,1,5,5,5,2
767,2,2,3,3,3,2,2,2,2,3,2,4,2
768,1,3,2,4,3,3,3,4,3,4,5,3,3
769,1,2,2,3,4,3,3,3,3,1,4,3,5
770,1,4,2,4,4,4,4,4,4,5,5,5,5
771,3,2,3,3,2,4,2,4,4,4,3,3,5
772,3,2,2,2,3,1,1,2,2,5,4,3,3
773,2,3,3,4,4,3,3,3,4,4,4,4,4
774,3,1,1,2,3,1,2,2,2,5,4,1,1
775,,,,,,,,,,,,,
776,3,1,1,2,3,2,2,1,3,4,4,3,3
777,3,1,2,3,3,3,3,2,3,5,3,2,3
778,1,2,2,4,4,4,2,3,2,5,3,5,3
779,2,4,2,3,3,3,3,4,4,1,4,1,1
780,1,3,2,4,4,2,4,4,4,4,2,4,2
781,1,2,1,4,4,2,2,2,3,4,3,4,2
782,3,2,2,3,3,3,2,3,3,5,4,4,4
783,3,2,2,3,1,2,2,2,3,4,3,1,1
784,1,2,2,3,3,2,2,2,2,2,4,3,2
785,3,2,1,2,2,2,1,2,3,4,4,3,3
786,2,2,3,4,4,4,3,4,4,3,3,5,5
788,3,2,2,3,3,3,3,2,4,2,4,5,4
789,1,2,2,4,4,4,4,3,2,4,1,3,3
790,3,2,2,3,3,3,3,3,3,4,4,3,3
791,1,4,3,4,3,1,2,4,4,3,3,1,1
793,1,2,2,3,3,2,2,2,3,5,1,5,5
794,3,3,2,3,3,3,2,2,3,2,3,4,2
795,2,2,1,3,3,3,2,3,4,3,4,2,3
797,3,2,4,4,4,2,4,4,4,5,5,5,5
798,3,1,1,4,2,2,2,3,3,3,4,2,2
799,3,4,3,4,4,4,4,4,4,5,3,4,4
800,1,3,4,4,4,3,3,4,4,2,3,3,4
802,1,4,4,4,4,4,4,4,4,4,2,5,3
803,1,3,3,3,3,3,3,3,3,3,4,4,4
804,3,2,2,3,3,3,3,3,2,4,4,4,3
805,1,4,4,4,4,3,2,4,4,3,5,4,5
806,3,2,3,4,4,4,4,3,3,4,3,3,3
807,1,2,2,3,3,3,3,3,3,4,4,4,4
808,1,2,2,3,3,2,3,1,3,3,4,4,3
809,1,3,3,4,4,4,4,3,3,3,3,4,2
810,3,2,2,4,4,3,2,3,3,4,3,4,4
811,3,2,2,3,3,2,2,2,3,3,4,2,3
812,3,1,2,2,2,1,2,2,3,5,3,4,2
813,1,2,2,3,3,2,2,3,3,1,1,2,4
814,1,2,1,2,3,2,2,2,2,4,4,4,4
815,1,1,1,2,2,2,2,1,2,3,3,3,3
816,1,3,3,4,4,1,2,2,3,4,2,2,4
817,1,2,3,4,4,3,2,2,2,4,,3,4
818,3,2,2,3,3,2,2,2,2,5,5,5,5
819,1,3,2,2,2,2,2,3,3,4,5,4,4
820,2,4,4,4,4,4,4,4,4,3,5,4,3
821,3,2,2,3,3,2,2,2,3,3,4,2,3
822,2,2,2,4,3,2,2,2,3,4,1,2,2
823,1,2,3,3,4,2,3,4,3,5,5,5,5
824,3,3,3,3,4,3,3,3,3,4,4,,3
825,1,4,4,4,4,4,4,4,4,2,3,,3
826,1,4,4,4,4,4,4,4,4,5,5,4,4
827,1,3,2,4,2,1,2,2,3,3,3,3,4
828,1,3,2,3,4,2,2,4,3,4,4,4,4
829,2,4,1,3,4,3,3,3,3,4,3,3,4
830,2,3,,3,3,3,3,3,3,5,5,4,4
831,1,,3,3,3,3,,3,3,5,5,5,5
832,1,2,2,3,3,3,2,3,3,3,3,2,2
833,3,4,4,4,4,4,4,4,4,4,4,4,4
834,2,3,2,4,3,2,2,2,4,4,3,3,3
835,1,3,3,4,4,2,3,4,4,4,3,5,5
836,3,2,2,3,4,2,3,2,3,1,5,5,5
837,3,3,2,3,4,4,2,3,4,5,5,5,5
838,2,2,2,4,4,2,3,2,3,4,4,3,4
839,1,4,4,4,4,4,4,4,4,5,5,5,4
840,2,4,4,4,4,4,4,4,4,3,5,5,5
841,2,3,3,3,3,3,3,3,2,4,4,3,3
842,2,4,2,4,4,2,4,3,4,3,3,3,1
843,1,4,4,2,1,4,2,3,4,2,3,3,1
844,1,2,2,3,2,2,2,2,3,3,3,3,3
845,1,1,1,2,3,1,1,2,1,4,4,3,3
846,3,2,2,3,3,2,2,2,3,3,3,3,3
847,2,2,3,3,3,3,3,2,3,,5,4,2
848,2,1,1,2,3,2,2,2,2,5,5,5,5
849,1,2,2,2,2,2,2,2,2,3,4,2,3
850,3,3,1,3,2,1,1,3,3,3,3,3,1
851,3,4,3,4,4,2,3,4,4,5,5,5,5
852,3,3,2,3,3,2,2,2,2,4,4,3,3
853,3,2,2,3,3,3,2,2,3,4,3,3,3
854,2,1,2,3,2,4,2,3,2,2,1,3,2
855,3,3,2,3,3,2,2,3,3,4,4,5,5
856,1,3,2,3,4,3,2,3,3,1,3,3,2
857,3,3,3,4,4,3,3,3,3,3,3,3,4
858,3,1,1,4,4,1,3,4,4,3,3,1,1
859,2,2,2,2,3,2,2,2,3,4,2,3,5
860,3,2,2,4,3,3,3,2,2,4,3,4,2
861,3,1,2,3,3,4,4,3,2,3,3,3,4
862,1,3,3,3,4,2,2,3,3,5,5,5,4
863,3,2,3,3,3,2,3,3,3,2,1,2,1
864,1,3,4,3,3,3,3,3,3,3,3,3,3
865,1,2,3,3,3,3,2,3,4,1,3,4,2
866,2,2,2,4,4,4,4,2,4,5,3,3,3
867,3,2,2,3,4,2,2,2,2,1,2,1,4
868,1,2,2,3,3,2,3,2,2,,,,
869,,,,,,,,,,5,5,5,5
870,2,2,1,3,2,2,2,2,3,3,3,3,4
871,1,3,2,2,2,1,2,2,2,5,5,5,5
872,1,2,2,4,3,4,2,4,3,2,3,2,2
874,,,3,3,3,3,3,3,3,5,5,5,5
875,,,,,,,,,,,,,
876,3,2,2,3,3,2,3,2,3,4,4,,2
877,1,4,4,4,4,1,4,4,4,,4,4,3
878,2,3,2,3,4,3,3,3,3,5,4,5,4
879,3,3,2,3,3,3,2,2,3,4,2,4,2
880,1,2,2,2,3,2,2,3,3,3,5,3,3
881,1,2,2,3,4,2,2,2,2,4,3,5,4
882,2,3,2,3,3,3,3,3,3,4,3,3,3
883,1,3,2,3,2,2,2,3,3,5,4,3,1
884,,,,,,,,,,,,,
885,2,,,,,,,,,2,2,,3
886,3,3,2,1,4,1,1,3,4,4,2,2,2
887,1,,,,,,,,,1,3,1,1
888,3,3,2,4,4,2,3,4,4,4,1,5,2
889,3,1,2,3,3,2,2,1,1,5,5,2,3
890,1,3,3,4,4,2,1,3,2,5,5,5,5
891,1,3,2,4,4,1,2,3,4,4,5,1,5
893,1,1,2,2,3,2,2,2,3,2,1,2,1
894,3,2,3,2,3,3,3,3,2,2,3,3,3
895,3,2,2,4,4,3,2,3,3,4,2,4,1
896,1,4,2,3,4,3,2,3,3,4,3,4,4
897,2,3,3,3,3,2,3,2,2,3,4,4,3
898,2,2,2,4,4,2,2,2,4,4,5,3,2
899,3,2,2,2,3,2,2,2,2,4,3,3,2
900,1,3,1,4,4,4,3,2,4,3,,2,1
901,1,3,2,4,4,4,4,3,3,2,2,3,3
902,3,2,2,4,4,2,2,2,3,5,3,5,5
903,1,2,3,4,4,4,3,,4,4,1,3,1
904,3,3,3,4,4,3,3,4,4,3,2,3,1
905,3,2,2,3,3,2,2,2,3,4,3,3,4
906,3,2,2,3,3,3,3,1,2,4,4,4,4
907,1,3,2,4,3,2,2,4,3,3,3,3,3
909,1,3,2,3,3,2,2,3,3,3,5,1,1
910,1,2,2,3,3,2,2,3,3,4,4,2,4
911,3,2,3,3,3,2,2,2,3,2,2,4,4
912,1,3,2,4,2,2,2,4,4,3,3,4,4
913,3,2,2,3,3,2,2,3,3,4,4,5,4
914,1,2,2,2,3,2,2,3,3,5,2,1,5
915,,2,2,3,2,3,2,2,3,2,3,3,3
916,2,3,3,4,4,3,3,3,3,3,2,4,3
917,2,2,2,4,4,3,2,3,2,3,2,4,4
918,3,3,2,3,3,2,2,2,3,2,3,2,2
919,3,3,2,4,4,3,3,4,4,4,4,5,3
920,3,2,2,2,3,3,2,2,3,3,3,3,3
921,3,2,2,3,3,3,2,3,3,4,5,5,5
922,1,3,4,3,4,3,2,2,3,4,5,4,1
923,3,2,2,3,3,2,2,2,2,3,5,3,3
924,2,2,2,3,3,3,2,3,3,4,5,3,1
925,1,2,3,3,4,2,2,3,4,1,3,3,3
926,1,2,4,3,3,2,3,4,3,5,4,5,3
927,2,2,2,2,3,1,2,1,3,4,3,4,3
928,2,2,2,3,4,2,2,3,4,2,1,3,4
929,1,,,,,,,,,4,3,3,3
930,2,3,1,3,2,3,3,3,3,4,5,5,5
931,1,3,1,3,3,3,3,,3,2,2,3,2
932,2,3,2,4,4,3,3,3,3,4,2,4,4
933,3,2,2,3,2,2,2,2,2,4,3,1,2
934,2,2,3,4,4,4,3,3,3,3,4,5,3
935,3,2,3,2,3,1,2,2,3,4,4,5,5
936,2,2,2,3,4,2,1,3,3,2,3,1,1
937,1,2,2,4,4,3,2,3,4,4,4,3,2
938,1,2,2,2,2,2,2,2,2,3,3,3,3
939,1,2,2,3,3,2,2,2,2,5,5,4,4
940,3,2,2,3,3,3,3,3,3,3,4,3,4
941,3,3,2,2,3,2,2,3,3,5,5,4,2
942,2,2,3,3,4,3,2,2,2,4,2,4,3
943,1,3,4,4,4,4,1,4,4,2,3,3,2
944,2,3,2,3,3,3,3,3,3,4,4,4,1
945,1,2,2,4,4,3,3,2,3,5,4,5,1
946,3,2,2,3,3,2,2,2,3,3,4,4,4
947,3,,,,,,,,,5,5,5,5
948,,,,,,,,,,,,,
949,1,3,3,4,4,2,4,3,4,5,4,5,3
950,3,2,2,3,4,2,2,3,4,5,5,5,5
951,3,3,1,4,4,4,3,4,3,2,3,3,3
952,1,1,2,2,3,2,2,2,2,3,2,4,4
953,3,2,2,4,3,2,2,4,4,5,5,3,4
954,3,2,2,3,3,2,2,3,3,3,3,3,1
955,,4,4,4,4,4,4,4,4,3,5,5,5
956,3,,,,,,,,,4,5,2,1
957,3,2,3,3,3,2,2,2,2,2,2,2,2
958,3,1,1,3,2,1,1,1,3,3,1,3,3
959,3,2,,3,4,2,2,1,2,2,4,1,3
960,1,2,1,3,3,2,2,3,3,2,2,3,3
961,3,2,3,3,3,3,3,3,3,5,5,5,2
963,1,2,2,4,4,3,3,4,,3,5,4,2
964,3,3,1,3,3,2,3,2,3,3,3,2,2
965,2,3,2,3,3,3,3,2,2,4,3,5,5
966,1,2,3,4,4,2,2,4,2,3,4,3,2
967,1,1,1,1,1,1,1,1,1,4,5,3,3
968,1,3,2,3,3,2,2,3,3,4,3,1,1
969,2,3,2,3,4,2,2,3,3,5,1,3,3
970,1,2,2,3,3,2,3,3,2,1,3,2,4
971,2,2,3,2,3,1,2,2,2,3,3,4,2
972,3,2,2,3,3,2,2,3,3,3,4,4,4
973,2,3,3,3,3,3,3,3,3,5,5,3,3
974,3,2,2,3,3,2,2,3,3,4,3,4,3
975,1,1,1,3,4,1,1,3,3,5,1,5,5
976,3,2,2,3,3,2,2,3,3,2,4,3,4
977,2,3,3,4,4,4,3,4,4,4,3,4,3
978,1,2,1,3,3,2,1,2,2,4,4,2,3
980,2,3,3,3,3,3,3,3,3,3,4,3,4
981,1,4,4,4,4,4,4,4,4,2,5,1,1
982,1,3,2,4,4,4,4,4,4,3,5,2,2
983,,,,,,,,,,,,,
984,1,3,2,3,3,3,2,3,3,4,5,5,4
985,1,4,4,4,4,4,4,4,4,3,4,5,1
986,1,2,3,4,4,3,4,2,2,4,3,2,2
987,1,3,3,3,3,3,3,3,3,4,4,4,4
988,3,3,2,3,3,3,2,3,3,3,4,2,2
989,1,4,2,4,4,2,3,4,4,5,4,4,4
990,1,2,3,3,3,3,3,3,4,4,5,2,4
991,1,2,2,4,4,3,2,4,3,5,4,5,4
992,3,2,2,3,4,2,2,3,3,4,3,4,2
993,2,2,2,4,4,3,3,3,3,2,4,4,1
994,3,2,2,3,4,2,3,2,3,4,1,3,2
995,1,2,2,4,4,4,3,3,4,3,3,2,2
996,3,2,2,3,3,3,2,2,3,3,3,4,2
997,2,4,4,4,4,4,4,4,4,4,1,4,2
998,1,2,2,4,2,2,2,4,4,5,5,3,4
999,3,2,1,3,3,2,2,2,3,,4,,3
1000,3,2,2,2,2,2,2,2,3,5,4,3,3
1001,2,2,2,4,4,4,2,3,3,5,3,5,2
1002,2,2,2,3,2,2,2,3,3,5,3,5,
1003,1,2,2,3,3,3,3,3,3,3,3,3,3
1004,3,2,2,2,4,2,2,2,3,4,5,4,4
1005,3,4,4,4,4,3,4,4,4,4,4,4,2
1006,3,2,2,3,3,3,2,2,2,2,4,2,2
1007,3,2,2,3,3,2,2,3,3,2,3,3,3
1008,1,,3,3,3,3,2,3,3,4,3,4,3
1009,,,,,,,,,,,,,
1010,1,2,3,4,4,2,4,4,4,4,1,1,1
1011,2,3,3,3,3,3,3,2,2,3,4,3,4
1012,1,4,4,4,4,4,4,4,4,3,3,4,4
1013,3,1,1,2,2,1,2,1,4,5,4,2,5
1014,1,1,1,3,3,1,2,4,4,5,4,,5
1015,3,2,2,3,3,2,2,2,2,3,3,3,3
1016,1,2,2,3,3,3,2,2,3,3,1,2,2
1017,1,3,3,3,3,3,3,3,3,5,5,5,5
1018,3,2,2,3,2,2,2,2,4,3,3,4,4
1019,2,3,2,4,4,4,4,4,3,4,4,4,2
1020,2,2,2,2,3,2,2,2,3,4,4,1,5
1021,2,2,1,3,4,3,2,3,4,5,5,5,5
1022,1,3,2,3,3,2,2,2,3,3,4,3,2
1023,1,2,2,3,4,3,2,3,3,5,5,4,1
1024,1,2,3,4,4,4,2,4,3,5,4,5,4
1025,1,2,2,3,3,3,3,3,2,4,4,2,3
1026,2,1,1,1,1,1,1,1,2,5,3,5,3
1027,3,3,2,3,4,4,2,4,4,2,2,4,5
1028,1,3,2,4,4,4,3,4,4,4,3,3,4
1029,1,2,2,3,3,2,2,2,4,3,5,2,3
1030,1,3,3,3,3,3,3,4,4,4,3,3,1
1031,2,1,2,2,2,2,2,2,2,1,3,2,2
1032,3,2,2,2,2,2,2,2,2,4,5,5,4
1033,1,2,3,3,3,2,2,3,3,2,4,3,1
1034,1,2,2,4,4,3,3,3,2,4,3,3,2
1035,2,2,2,3,4,2,2,4,4,5,3,4,2
1036,3,1,1,1,2,1,1,1,3,1,1,4,2
1037,1,,3,4,4,3,2,3,3,4,4,4,3
1038,3,2,1,3,3,2,2,1,2,4,2,3,4
1039,1,1,1,4,2,1,1,2,4,5,5,5,1
1040,1,2,3,3,4,2,2,4,3,5,4,5,5
1042,1,2,2,2,2,2,2,2,2,3,3,3,4
1043,1,3,2,4,3,3,3,2,3,,,,
1044,3,2,2,3,3,2,2,3,3,3,3,2,3
1045,,,2,,,,,,,5,4,5,5
1046,3,4,4,4,4,2,4,4,4,2,4,4,2
1047,1,2,2,2,3,2,2,2,2,3,3,2,2
1048,1,2,2,3,2,2,2,2,2,4,5,4,2
1049,1,4,3,3,3,1,2,3,2,1,4,4,4
1050,3,3,2,2,3,2,2,2,3,2,2,2,5
1051,3,3,2,3,,2,2,3,2,4,4,3,1
1052,1,,,,,,,,,3,4,1,1
1053,2,3,2,4,4,3,3,3,3,5,3,5,3
1054,2,4,3,4,4,4,4,4,4,3,3,4,5
1055,2,3,3,4,4,4,3,3,3,2,4,4,3
1056,1,3,3,3,4,3,2,4,4,5,5,5,5
1057,3,2,2,3,,2,1,3,3,4,3,3,4
1058,,,,,,,,,,,,,
1059,3,4,4,4,4,4,4,4,4,2,3,2,3
1060,2,2,3,3,4,1,1,2,3,3,4,2,5
1061,3,2,2,4,4,3,2,2,3,5,2,4,2
1062,3,2,2,3,3,2,3,3,3,2,2,1,4
1063,2,2,2,3,3,2,2,3,3,5,3,4,1
1064,2,3,3,4,4,3,4,3,3,4,4,3,3
1065,3,3,2,3,3,2,2,3,3,4,2,4,2
1066,3,2,2,3,2,1,2,2,2,4,3,4,4
1067,3,2,2,2,3,2,2,2,3,4,3,3,3
1069,3,3,3,3,3,2,2,3,4,5,5,5,5
1070,1,3,2,3,4,3,3,3,3,4,4,5,3
1071,1,3,2,3,3,2,2,3,3,4,3,3,2
1072,3,2,2,4,4,2,2,2,2,2,1,4,1
1073,2,2,1,4,4,2,2,2,3,4,4,4,4
1074,1,2,2,3,4,2,2,2,2,5,5,5,5
1075,1,3,2,4,4,3,3,3,3,4,4,2,3
1076,1,2,2,3,3,2,3,3,3,3,5,3,5
1077,,,,,,,4,,,,,,
1078,,3,2,4,4,,2,4,4,5,5,4,4
1079,1,2,2,4,4,2,4,4,2,1,2,1,1
1080,,,,,,,,,,5,4,5,3
1081,2,2,2,3,2,4,4,3,3,3,3,2,2
1082,2,2,3,2,2,2,3,2,3,2,2,4,3
1083,2,2,2,3,3,2,2,2,3,4,4,4,4
1084,1,3,3,4,4,2,4,4,4,4,3,2,1
1085,2,2,2,3,3,2,2,2,3,2,5,3,1
1086,1,2,2,4,3,2,2,3,3,4,5,4,3
1087,3,1,2,4,3,3,3,2,3,3,3,4,4
1088,3,2,1,3,3,3,2,3,3,5,3,4,3
1090,1,2,1,4,3,3,3,3,3,5,5,5,5
1091,2,2,2,4,3,2,2,4,4,3,3,3,3
1092,1,2,2,2,2,2,2,2,2,4,4,4,3
1093,1,3,2,2,3,2,3,3,3,4,4,4,2
1094,3,3,2,3,4,2,2,2,3,4,3,4,1
1095,1,3,3,3,3,3,3,3,3,5,5,5,5
1096,1,2,2,2,4,2,2,4,4,4,4,4,4
1097,2,1,2,1,,1,1,2,1,5,5,4,2
1099,,2,1,4,4,2,2,2,2,5,5,5,5
1100,1,2,2,3,2,2,2,3,3,2,4,1,3
1101,1,2,2,3,4,2,2,3,4,5,5,5,5
1102,1,2,2,3,3,3,3,3,3,2,3,3,2
1103,,2,2,3,3,2,3,2,2,4,4,2,2
1104,3,3,3,4,4,4,3,3,3,1,2,3,4
1105,2,3,3,4,4,2,2,3,4,5,5,4,4
1106,3,2,2,3,3,3,2,3,2,2,1,1,1
1107,2,4,3,4,4,3,2,3,4,5,5,5,5
1108,1,2,1,3,3,4,2,4,4,4,4,3,1
1109,2,2,2,3,4,3,2,3,2,3,4,4,4
1110,3,3,2,3,3,2,2,3,3,4,2,5,5
1111,3,2,1,2,3,1,2,1,2,3,4,3,3
1112,1,3,2,,3,1,2,2,2,5,5,5,5
1113,3,2,2,2,2,2,2,2,2,1,1,,4
1114,2,4,4,4,4,4,4,4,4,5,4,5,5
1115,3,2,2,3,4,1,2,2,2,5,3,4,2
1116,2,2,2,2,4,2,2,1,3,5,5,5,5
1117,1,2,2,2,2,2,2,2,2,5,3,5,5
1118,3,2,2,4,3,3,3,3,3,5,4,5,2
1119,1,3,2,3,3,2,2,3,3,3,3,3,3
1120,1,3,2,3,3,2,2,,,4,4,4,4
1121,3,1,1,3,3,3,3,1,3,3,3,3,3
1122,3,3,2,3,3,3,2,3,3,3,4,4,3
1123,1,1,2,4,4,4,1,4,2,5,5,5,5
1124,2,3,2,4,4,3,2,3,2,5,5,5,4
1125,3,1,2,3,3,2,1,1,3,4,4,4,4
1126,1,2,2,2,2,2,2,2,2,3,3,2,2
1127,1,2,2,2,2,2,2,2,2,5,5,5,5
1128,1,2,2,3,3,2,2,2,2,4,4,4,2
1129,1,3,2,4,4,1,2,3,3,5,5,3,4
1130,3,3,2,2,3,2,3,2,3,3,3,4,4
1131,1,4,1,3,4,4,2,4,4,5,2,5,3
1132,3,3,2,3,3,3,3,3,3,2,3,4,4
1133,2,3,2,3,2,2,3,2,2,4,3,5,4
1134,1,2,2,3,3,2,3,2,3,4,5,3,2
1135,1,2,2,4,4,2,2,3,3,4,4,3,3
1136,1,3,3,4,4,3,3,4,4,3,3,4,4
1137,1,3,2,4,4,2,3,3,3,4,5,4,4
1138,1,3,2,3,3,2,2,3,3,2,3,4,4
1139,1,2,2,4,3,4,4,4,4,5,3,4,5
1140,3,3,1,3,4,2,2,2,2,5,4,4,4
1141,3,2,2,3,3,2,3,2,2,4,4,2,1
1142,1,2,2,3,3,2,2,3,3,5,5,1,1
1143,2,1,2,3,3,2,2,2,3,4,3,4,1
1144,1,3,2,3,3,3,2,3,3,3,3,4,5
1145,1,2,2,2,2,2,2,3,3,3,3,3,3
1146,3,3,3,2,4,,2,4,4,4,5,5,2
1147,3,1,2,2,3,2,2,1,3,4,3,3,3
1148,1,2,3,2,3,2,3,2,3,3,3,3,3
1149,1,2,2,4,4,2,2,2,2,3,3,3,3
1150,3,1,1,3,3,2,2,1,2,4,5,4,2
1151,3,3,3,3,3,2,2,3,3,3,3,3,3
1152,2,2,2,4,4,2,2,2,4,4,4,4,3
1153,,,,,,,,,,,,,
1154,1,1,1,4,4,4,2,1,4,5,3,3,3
1155,2,3,2,4,4,4,3,4,3,4,2,5,2
1156,1,1,2,2,2,2,2,2,2,2,2,2,2
1157,3,2,3,2,3,2,2,2,3,4,5,3,3
1158,3,1,1,2,3,1,2,2,4,2,3,3,5
1159,3,2,1,1,1,2,2,2,2,2,1,1,1
1161,3,2,2,3,3,2,2,2,2,4,3,3,4
1162,3,3,2,3,3,2,3,4,4,3,2,3,2
1163,2,2,2,3,3,3,2,4,4,5,5,5,5
1164,3,3,3,3,3,2,3,3,3,2,4,2,2
1165,2,3,4,4,4,4,4,4,4,5,5,5,4
1166,1,2,2,3,3,3,3,2,3,4,1,3,5
1167,3,2,2,2,2,1,2,2,3,3,4,3,4
1168,3,2,2,2,3,2,2,2,3,5,5,3,1
1169,3,3,4,4,4,2,3,4,3,4,4,4,4
1170,3,2,1,3,3,2,2,4,3,4,4,5,5
1171,2,2,2,2,4,2,2,2,2,4,4,1,2
1172,1,3,1,4,4,4,2,4,4,5,4,3,3
1173,1,2,2,2,2,2,1,2,3,3,3,2,2
1174,,2,2,2,2,2,2,2,2,4,4,3,2
1175,3,2,1,4,4,3,2,2,3,5,4,5,1
1176,1,2,2,2,2,2,,2,3,3,5,3,1
1177,1,2,3,4,4,3,2,3,2,3,4,3,1
1178,,,,,,,,,,,,,
1179,1,3,2,3,4,4,3,2,2,5,3,4,3
1180,3,4,4,4,4,4,4,4,4,5,5,5,5
1181,1,4,4,4,4,4,4,4,4,5,5,5,5
1182,1,2,3,3,4,3,2,3,3,5,5,4,5
1183,3,3,2,3,3,3,2,3,3,3,3,3,3
1184,3,2,2,3,2,2,2,3,3,1,1,1,5
1185,3,3,2,2,3,3,3,3,3,3,5,3,5
1186,3,3,2,3,3,2,3,3,3,3,3,4,4
1187,2,4,3,3,4,1,2,1,3,5,5,5,5
1188,3,2,2,3,4,3,3,3,4,4,4,4,2
1189,2,3,2,3,3,2,3,3,4,2,2,4,4
1190,1,3,2,3,3,3,3,3,3,4,3,4,4
1191,1,2,2,3,3,2,2,2,2,5,4,,4
1192,3,2,2,2,2,2,2,2,3,3,1,4,4
1193,1,2,2,3,3,2,2,2,3,5,2,4,3
1194,3,3,2,4,4,4,3,3,3,5,3,4,3
1195,3,2,2,3,2,2,3,2,3,5,5,5,4
1196,3,4,4,4,4,4,4,2,4,1,5,1,1
1198,1,2,3,3,3,2,3,3,3,3,2,4,2
1199,2,2,3,3,4,1,2,2,3,5,4,2,1
1200,,1,3,,2,1,2,3,2,3,2,1,1
1201,1,2,2,3,3,2,2,4,4,4,5,4,2
1202,1,3,3,4,4,3,3,4,4,4,2,5,5
1203,1,1,2,2,2,1,2,1,2,3,2,2,3
1204,3,2,3,3,3,2,2,2,3,1,3,1,5
1205,3,3,2,3,3,3,3,3,3,3,1,4,1
1206,1,4,4,4,4,4,3,4,4,5,5,2,2
1207,1,2,3,4,3,3,2,1,2,5,5,5,5
1208,3,1,2,3,3,1,2,2,2,4,3,3,1
1209,3,2,2,3,4,2,3,3,2,5,5,5,4
1210,1,2,2,3,3,2,2,2,2,4,4,3,3
1211,1,3,2,,,,,,,3,4,2,3
1212,1,3,2,3,4,4,3,3,3,4,4,5,2
1213,1,3,2,3,4,2,2,3,3,1,5,5,1
1214,2,4,2,4,4,3,3,2,4,3,3,4,2
1215,2,2,4,4,4,4,4,4,4,3,2,4,2
1216,1,,3,4,2,2,2,3,3,3,2,1,1
1217,3,2,3,4,4,4,3,4,4,4,2,2,2
1219,3,4,1,3,3,2,3,2,4,2,4,5,4
1220,1,,1,,,,2,,,3,3,3,3
1221,3,2,2,3,2,2,2,2,2,2,4,3,2
1222,2,4,1,4,4,4,4,3,4,5,5,5,5
1223,1,1,1,3,3,3,3,3,3,4,4,2,4
1224,3,3,2,3,3,2,2,2,2,3,2,3,2
1225,3,3,1,3,3,2,2,3,3,3,3,2,2
1226,3,4,2,4,4,4,4,4,4,5,3,5,4
1227,1,2,2,3,3,2,2,2,2,4,4,2,3
1228,1,2,,3,3,2,2,2,3,3,3,3,2
1229,1,3,3,3,3,3,3,3,3,5,5,3,3
1230,1,2,2,3,3,2,3,3,3,5,4,4,4
1231,1,2,4,4,4,4,4,4,4,3,3,3,2
1232,3,2,2,3,3,2,2,3,3,2,3,1,2
1233,1,3,2,4,4,3,2,3,3,5,5,3,4
1234,1,2,2,3,3,2,3,3,3,2,2,4,4
1235,3,2,1,3,3,3,2,3,3,2,4,4,5
1236,3,2,2,2,3,2,2,2,3,5,2,2,5
1237,1,2,2,3,3,2,2,2,3,3,3,3,1
1239,1,2,2,2,3,1,2,2,2,4,3,4,3
1240,3,2,3,3,3,3,2,3,3,2,4,4,2
1241,1,3,2,3,3,3,3,3,3,4,4,4,4
1242,1,2,1,2,2,2,2,2,2,3,3,3,3
1243,2,3,2,3,2,,2,3,4,5,4,4,4
1244,1,2,3,4,4,2,3,4,,3,1,3,2
1245,3,2,2,3,3,3,3,3,3,5,3,5,2
1246,3,2,2,2,2,3,2,3,3,4,4,4,4
1247,1,2,2,2,2,2,2,3,3,2,3,2,3
1248,1,2,2,3,3,2,3,2,3,4,4,2,4
1249,3,4,3,4,4,2,3,2,4,3,4,3,2
1251,2,3,2,2,2,2,2,3,3,4,3,2,2
1252,2,2,2,4,4,4,2,2,4,3,1,4,2
1253,3,3,2,3,4,2,2,2,2,4,4,4,4
1254,1,4,4,4,4,1,1,4,4,3,3,3,3
1255,,3,2,4,3,2,3,3,3,5,5,1,1
1256,1,4,2,2,4,2,,4,4,4,3,3,3
1257,1,1,,4,4,3,2,2,3,2,4,4,4
1258,1,2,3,3,3,3,3,3,3,4,4,4,3
1259,1,2,1,4,4,3,2,4,4,4,5,3,5
1261,1,1,1,4,4,2,2,3,2,,1,1,1
1262,3,2,2,2,2,2,2,2,3,3,4,2,3
1263,2,2,3,2,3,3,2,4,3,3,3,3,3
1264,1,2,3,4,4,4,3,3,3,1,3,1,5
1265,1,4,2,4,4,4,2,4,4,4,3,4,4
1267,2,1,1,4,4,2,2,2,2,5,5,5,4
1268,3,2,2,3,3,2,2,2,3,3,3,2,2
1269,1,2,2,4,4,2,2,2,2,3,3,3,1
1270,2,1,2,3,3,2,2,2,3,3,4,4,3
1271,3,3,1,3,4,2,2,3,3,3,4,4,3
1272,1,1,2,3,3,2,2,2,2,4,2,4,4
1273,3,2,3,4,4,3,3,2,4,3,4,3,2
1275,1,3,2,4,4,2,2,4,4,1,1,1,4
1276,1,,,4,4,3,2,4,4,4,3,2,5
1278,,,,,,,,,3,3,4,5,2
1279,3,2,2,3,3,2,3,3,3,3,3,3,4
1280,2,2,3,4,4,3,3,4,4,4,5,1,3
1281,1,4,4,4,4,4,2,4,4,2,4,4,3
1282,1,2,2,3,4,1,2,1,2,3,4,3,2
1283,1,1,2,3,4,3,2,1,2,1,2,3,4
1284,3,2,2,4,4,3,3,3,3,3,2,3,3
1286,3,1,2,3,4,3,3,3,3,4,3,4,4
1287,3,2,2,3,4,3,2,4,4,2,3,2,1
1288,2,2,3,3,4,2,3,2,4,3,5,5,5
1289,1,2,2,3,2,2,2,2,2,5,2,2,3
1290,3,2,2,4,4,3,2,3,3,4,,4,4
1291,2,3,2,3,2,3,3,3,3,3,3,3,3
1292,1,2,2,2,3,1,3,3,3,4,4,3,3
1293,3,2,3,3,3,2,2,2,3,3,3,3,2
1294,3,2,2,4,4,4,3,3,4,4,3,4,5
1295,2,4,4,4,4,4,4,4,4,5,4,4,4
1296,2,4,1,4,4,4,1,4,4,5,5,3,5
1297,3,1,2,3,3,1,2,2,3,3,5,5,4
1298,3,2,2,3,3,2,2,2,3,5,3,3,3
1299,3,1,3,4,4,4,2,4,4,3,4,4,4
1300,1,4,1,4,4,4,1,4,4,5,5,5,5
1301,3,,,,,,,,,4,5,5,3
1302,1,1,1,1,1,1,1,1,1,1,2,1,1
1303,3,3,2,3,4,4,2,3,3,3,2,3,1
1304,1,3,3,3,3,3,3,3,3,3,3,4,4
1305,3,2,2,4,4,2,2,4,4,4,4,3,3
1307,2,4,2,4,4,4,4,4,4,3,3,3,2
1308,2,3,3,4,4,4,2,3,4,5,5,5,3
1309,1,3,3,3,4,3,2,2,3,5,5,5,5
1310,3,2,3,4,4,2,3,3,3,2,2,4,4
1311,1,2,2,4,4,4,4,3,3,4,3,4,2
1312,3,2,2,3,3,3,2,2,3,3,3,3,1
1314,2,1,2,2,3,1,1,1,1,3,4,2,3
1315,3,2,3,4,4,3,3,3,3,3,3,4,2
1317,3,2,2,3,2,2,2,2,2,3,4,3,2
1318,,,,,,,,,,5,5,5,5
1319,3,2,2,3,3,2,2,3,3,5,5,5,4
1320,1,3,2,3,3,2,2,3,3,3,2,,4
1321,1,2,2,3,4,2,1,3,3,5,3,4,4
1322,2,2,3,4,4,4,4,4,4,3,2,3,3
1323,2,4,4,3,4,3,4,2,4,4,2,4,3
1324,1,2,1,2,2,2,2,1,2,3,3,4,4
1325,1,4,2,3,4,2,2,3,4,4,2,2,1
1326,2,4,3,4,4,4,4,4,4,5,1,5,1
1327,1,3,1,4,4,4,1,1,4,4,5,2,4
1328,3,2,2,3,3,2,2,2,3,3,4,4,3
1329,2,2,2,4,4,3,3,2,3,4,2,3,4
1330,3,2,1,3,3,2,2,2,3,3,2,3,2
1332,3,2,2,3,3,3,3,3,4,4,4,4,4
1333,3,2,2,3,3,3,2,2,3,3,4,4,2
1335,3,2,2,2,3,2,2,2,3,5,5,3,3
1336,1,3,3,3,3,3,3,3,3,3,5,5,1
1338,1,2,2,4,4,3,2,4,4,5,4,5,5
1339,2,4,4,4,4,4,4,2,3,2,2,3,1
1340,3,4,3,4,4,2,2,2,3,5,3,3,4
1341,1,2,3,2,3,2,2,3,2,2,4,4,4
1342,1,3,3,2,3,2,2,3,3,1,3,1,3
1343,1,2,2,3,4,3,3,4,3,1,5,2,2
1344,3,2,2,3,3,3,2,3,3,4,3,5,4
1345,,2,2,4,4,3,2,4,3,4,4,4,3
1346,3,3,2,4,4,3,1,1,2,4,3,5,5
1347,3,2,2,4,3,3,3,2,3,2,3,5,3
1348,3,2,3,3,4,4,2,4,2,2,4,3,1
1349,3,2,2,4,4,3,1,3,4,4,1,3,2
1350,1,2,2,4,4,3,2,3,4,5,3,3,5
1351,3,2,2,3,4,3,3,3,3,4,1,5,5
1352,3,1,1,4,3,3,1,1,1,3,2,2,3
1353,3,2,2,2,4,2,2,4,4,5,4,5,4
1354,3,2,2,2,2,2,2,2,2,4,3,4,3
1355,2,2,2,4,4,4,3,3,4,5,5,4,4
1356,3,1,3,4,4,2,2,3,3,5,5,3,3
1357,1,3,,4,3,2,3,2,3,3,2,2,2
1358,3,2,2,3,3,2,2,2,2,3,2,1,1
1359,3,2,2,2,3,2,2,2,3,5,5,4,2
1360,2,2,2,3,4,3,3,2,3,3,2,3,3
1362,3,2,2,2,2,2,1,2,2,4,3,3,3
1363,1,3,3,4,4,4,2,2,3,4,4,2,1
1365,,3,2,2,3,3,2,2,2,1,1,1,1
1366,1,2,3,3,4,2,2,4,2,5,3,5,5
1367,,,,,,,,,,4,5,3,3
1369,1,2,3,3,4,3,2,4,4,4,4,4,4
1370,2,2,2,4,4,3,3,2,4,5,5,4,5
1371,3,1,1,1,1,1,1,1,2,4,4,3,2
1372,2,2,2,3,4,2,2,2,3,2,2,2,2
1373,1,1,2,4,4,2,2,2,3,5,5,2,2
1374,1,4,1,4,4,2,4,3,3,5,5,5,5
1375,3,3,2,3,4,3,2,3,3,1,3,2,4
1377,1,2,2,3,3,3,3,3,3,4,3,2,2
1378,3,1,2,3,4,2,3,1,1,4,3,4,1
1379,,,,,,,,,,,,,
1380,1,2,3,3,4,3,2,4,4,4,4,3,1
1381,1,2,2,3,3,2,2,3,3,5,5,4,4
1382,,,,,,,,,,4,3,3,4
1384,2,1,3,3,4,2,3,2,2,4,5,5,2
1385,2,3,3,4,4,3,3,4,4,4,2,2,2
1386,3,1,1,2,3,1,2,,2,4,1,4,4
1387,,2,3,2,3,2,3,2,3,5,5,5,5
1388,3,3,2,4,4,2,3,2,3,4,5,5,5
1389,1,2,2,3,3,2,2,3,3,2,2,2,2
1390,3,2,1,3,3,2,2,2,2,3,4,3,1
1391,,3,3,3,3,3,3,3,3,5,5,4,2
1393,1,4,1,4,4,1,1,4,2,4,4,4,4
1394,1,2,3,4,4,3,2,3,4,5,4,5,4
1395,3,2,1,2,2,3,2,2,2,3,2,4,5
1396,3,2,2,3,2,2,2,2,3,4,3,4,4
1398,2,3,3,4,4,4,4,4,4,3,3,4,3
1399,1,2,2,3,3,2,3,2,3,3,4,3,3
1400,3,3,2,3,3,3,2,2,3,4,3,4,4
1401,3,4,2,4,4,2,2,2,3,4,4,3,2
1402,1,2,2,3,3,2,3,3,3,1,1,1,1
1403,2,,,,,,,,,5,5,5,5
1404,2,2,1,3,3,2,2,3,4,,,,
1405,2,3,2,3,3,3,2,3,3,4,4,3,3
1406,3,2,2,4,4,3,2,1,3,4,4,2,2
1408,3,3,1,4,4,3,3,3,4,4,1,5,3
1409,3,1,2,2,3,1,2,2,3,2,2,1,2
1410,2,2,2,3,3,3,2,3,3,4,4,4,4
1411,1,2,2,3,3,3,3,3,3,4,4,3,4
1412,3,2,2,4,4,4,4,4,4,4,5,4,5
1413,3,2,1,2,2,3,2,3,3,2,2,3,3
1414,1,2,3,3,3,3,3,3,3,4,4,4,4
1415,3,2,3,3,3,3,3,3,3,2,4,4,5
1416,1,2,2,3,3,2,2,3,3,2,4,2,3
1417,1,4,4,4,4,4,4,4,4,2,3,3,3
1418,2,3,1,4,4,2,3,4,3,4,1,1,3
1419,1,3,3,4,4,4,1,4,4,4,1,4,3
1420,1,2,2,3,3,2,2,2,3,3,3,,1
1421,1,2,2,3,4,2,2,3,3,4,3,4,4
1422,1,2,,3,3,3,3,3,3,1,1,2,3
1423,3,1,3,4,4,4,4,2,2,5,3,4,1
1425,3,2,3,4,4,4,3,2,3,5,5,5,5
1427,2,3,3,3,3,3,3,3,3,3,3,3,3
1428,3,2,2,,3,2,3,2,2,4,4,4,3
1430,2,3,3,4,4,2,2,3,4,5,5,3,2
1431,3,2,1,2,3,2,1,2,3,3,3,4,
1432,3,2,2,2,3,2,2,2,3,3,4,3,2
1433,2,3,4,4,4,4,4,4,4,4,3,5,4
1434,2,2,2,3,3,2,2,3,3,5,5,5,5
1435,1,2,1,2,3,2,2,2,3,1,1,1,1
1436,1,2,2,4,4,3,3,3,4,5,3,5,5
1437,3,3,3,4,4,4,3,3,4,4,5,1,1
1438,1,3,2,3,3,3,2,3,3,5,5,3,3
1439,,2,3,3,3,2,2,3,3,2,4,2,2
1440,3,3,2,2,2,2,3,2,3,2,1,3,4
1441,2,3,2,4,4,4,,2,3,2,5,4,1
1442,3,2,2,3,4,3,2,2,3,3,1,4,4
1443,1,2,1,3,4,3,2,4,4,3,4,4,4
1444,3,2,2,3,2,2,1,2,2,1,3,1,1
1445,3,2,3,2,3,2,2,3,3,5,5,3,4
1446,3,3,2,3,3,2,3,3,3,3,4,4,5
1447,3,4,4,4,4,4,4,4,4,5,5,5,5
1448,3,1,2,3,3,2,3,4,3,3,5,1,4
1449,1,3,4,3,4,3,1,3,3,5,3,4,3
1450,2,2,1,2,4,2,2,2,2,4,3,5,5
1451,3,2,3,4,4,3,3,2,4,3,5,4,2
1452,1,2,2,3,3,3,2,2,3,4,5,5,5
1453,3,2,2,4,4,3,2,2,4,4,4,5,3
1454,3,1,1,1,1,1,1,1,1,3,3,5,3
1455,3,4,2,3,4,3,3,3,4,4,4,4,2
1456,1,2,2,4,4,3,3,3,3,4,3,5,5
1457,1,2,2,4,4,2,2,3,4,5,3,4,2
1459,1,2,2,3,2,2,3,2,2,4,4,3,3
1460,3,2,2,3,2,2,2,3,3,4,5,4,4
1462,3,2,1,3,3,2,3,3,3,2,2,3,4
1463,3,2,3,3,3,3,3,3,3,5,3,4,5
1464,1,2,3,2,3,2,2,2,3,4,3,4,1
1465,1,2,2,3,3,3,2,3,3,2,2,4,4
1467,2,2,3,2,2,3,3,3,2,2,3,2,3
1469,3,2,2,4,4,2,2,3,4,,1,5,5
1470,3,1,1,2,2,2,2,2,2,4,3,3,4
1471,1,2,2,4,3,4,3,4,4,3,3,2,4
1473,1,3,2,4,4,3,2,3,3,4,5,3,2
1474,1,1,2,2,3,2,3,1,2,1,3,4,4
1475,1,2,2,1,2,2,1,2,4,2,4,1,1
1476,3,2,2,3,2,2,2,2,2,2,3,2,2
1477,3,3,2,3,4,4,2,3,3,3,1,3,1
1478,1,2,2,2,4,3,2,3,3,5,5,5,5
1479,1,2,2,4,4,2,2,2,4,3,1,2,3
1480,3,1,1,2,4,2,2,1,2,4,3,4,4
1481,1,3,4,4,4,1,3,4,4,3,3,4,5
1482,3,2,2,3,3,3,3,3,4,3,,3,3
1483,1,2,2,2,3,2,2,2,2,3,3,3,2
1484,3,3,2,3,3,2,2,3,3,3,4,2,2
1485,1,3,3,3,3,3,3,3,3,2,2,2,2
1486,3,2,3,2,3,3,2,1,3,3,1,4,3
1487,1,2,2,2,2,2,2,2,3,5,4,3,3
1489,1,2,2,3,3,2,3,3,3,3,4,5,5
1490,1,2,1,1,2,2,1,2,3,1,3,4,5
1491,3,3,2,3,3,3,,3,3,5,3,4,3
1492,2,4,4,4,3,3,3,2,2,2,2,2,2
1493,1,2,2,2,4,3,2,2,3,3,4,4,5
1494,1,2,2,2,3,2,1,2,1,5,1,3,2
1495,1,2,2,4,4,4,4,4,4,3,5,1,1
1496,3,2,2,3,4,2,2,2,2,4,3,3,2
1498,,,,,,,,,,3,3,3,3
1499,3,3,2,4,4,4,2,4,4,5,4,3,3
1500,3,2,3,4,3,2,2,3,3,4,5,3,3
1501,3,2,2,3,1,3,2,2,4,1,4,3,2
1502,1,2,2,3,4,2,1,2,3,4,3,3,3
1503,1,2,2,4,4,2,3,4,,5,5,3,3
1504,3,2,2,2,2,2,2,3,3,5,5,5,5
1505,3,2,1,2,2,2,1,2,2,4,2,2,2
1506,3,2,2,3,2,2,2,2,3,3,5,2,3
1507,3,2,3,3,3,3,2,3,2,4,2,4,5
1508,1,3,2,4,4,4,2,4,4,5,5,5,3
1509,3,2,2,4,4,2,2,3,3,4,3,3,2
1510,3,2,2,4,3,3,3,2,3,4,2,4,3
1511,2,2,2,2,2,2,2,2,2,2,2,3,3
1512,3,1,1,4,2,2,2,1,3,5,2,2,2
1513,1,2,2,3,3,2,2,3,3,2,2,3,3
1514,1,2,2,3,2,2,2,2,2,3,3,3,2
1515,1,2,2,3,4,4,2,4,4,4,5,3,1
1516,1,2,2,2,2,2,2,2,2,2,2,2,2
1517,2,3,3,3,3,2,3,2,4,2,4,4,1
1518,1,2,3,3,4,2,1,2,3,1,1,1,3
1519,2,1,1,2,2,2,2,2,2,3,4,3,3
1520,1,2,2,2,2,2,2,3,3,4,4,4,4
1521,3,2,2,3,2,2,2,3,3,3,2,5,3
1523,3,1,2,2,3,1,1,2,3,1,3,4,1
1525,3,2,2,2,2,2,2,2,3,3,1,3,1
1526,3,3,2,3,3,3,2,3,3,3,3,3,4
1527,3,2,2,4,4,4,2,4,4,3,3,1,3
1528,3,2,2,2,2,2,2,2,3,3,3,2,2
1529,3,2,1,2,3,3,2,2,3,3,3,4,3
1531,3,2,1,4,4,2,2,2,3,4,4,4,4
1532,3,2,2,3,3,2,3,3,2,2,4,3,4
1533,3,2,2,3,3,2,2,2,3,4,5,4,4
1534,3,1,1,2,2,2,2,2,,4,4,4,4
1535,3,2,2,3,3,2,3,3,3,3,3,3,3
1536,3,3,2,4,4,3,2,3,4,4,5,4,5
1537,1,2,2,2,2,2,2,2,2,2,5,1,5
1538,2,2,2,3,3,3,3,4,4,4,3,1,1
1539,1,2,2,4,4,2,3,3,3,2,3,4,4
1540,2,2,3,3,4,3,3,3,4,4,3,2,2
1541,1,3,3,3,3,2,2,4,4,3,2,4,2
1542,1,3,2,3,3,2,2,3,3,4,2,2,2
1543,1,3,2,4,4,2,3,2,4,4,5,4,2
1544,1,3,3,3,3,3,3,3,3,4,4,3,3
1545,1,4,3,4,4,4,4,4,4,3,4,3,3
1546,3,2,2,3,4,2,2,2,2,4,4,2,3
1547,1,2,2,3,2,2,2,3,2,3,3,1,1
1549,3,2,2,4,4,2,1,4,2,4,5,3,3
1550,3,2,2,3,3,2,2,2,3,3,2,4,2
1551,1,2,2,4,4,2,2,3,2,4,3,4,2
1552,3,1,1,3,4,2,1,2,1,4,3,3,2
1553,1,2,2,3,3,2,3,2,2,2,2,4,3
1554,3,2,2,2,2,2,2,3,4,4,3,3,2
1555,1,4,2,4,4,4,4,4,4,5,5,5,5
1556,2,2,3,4,4,3,2,4,3,3,3,2,4
1557,,2,4,4,4,4,4,4,4,4,2,3,5
1559,3,1,2,2,3,3,2,3,2,4,4,5,4
1560,1,3,2,3,3,2,2,3,3,3,4,4,2
1561,1,2,2,4,4,4,2,2,2,4,2,4,4
1562,1,2,2,3,3,2,2,2,2,3,4,3,2
1563,3,2,2,4,4,3,2,3,3,5,4,3,3
1564,2,4,1,4,4,4,4,4,4,5,4,5,5
1566,1,2,2,4,4,,2,4,4,3,3,2,1
1567,2,2,4,4,4,4,4,3,3,5,3,4,3
1568,3,2,2,3,4,2,3,2,3,2,2,4,3
1569,1,3,2,3,3,3,2,3,3,3,5,1,4
1570,2,2,2,3,3,3,3,2,2,5,4,4,4
1572,3,1,1,2,4,1,2,1,1,3,3,2,2
1573,1,3,3,3,3,3,3,3,3,4,4,3,1
1574,3,2,2,3,3,2,3,3,3,2,4,3,3
1575,3,2,2,4,3,,2,3,4,2,2,3,3
1576,1,1,2,2,3,2,2,2,2,1,1,3,3
1577,3,3,3,3,3,3,2,3,3,,1,1,1
1578,3,,2,2,2,3,2,2,,1,3,2,1
1579,2,3,2,4,3,1,2,2,3,2,3,3,4
1581,2,3,3,3,4,2,2,2,2,5,4,5,4
1582,3,3,2,4,4,3,3,2,3,4,3,3,2
1583,3,1,1,2,1,1,1,1,1,5,3,3,4
1584,1,1,1,4,4,4,4,4,4,5,4,5,5
1585,2,2,3,3,2,2,2,2,4,5,4,5,5
1587,3,2,2,3,3,3,2,4,4,3,4,2,3
1588,1,2,3,3,3,3,2,3,3,4,5,5,4
1590,1,2,2,3,2,2,2,3,3,3,3,2,2
1591,3,2,2,3,3,2,2,3,4,4,4,3,3
1592,1,3,2,3,3,2,2,3,2,1,4,2,1
1593,3,1,2,2,3,2,2,2,2,5,4,2,4
1594,2,1,3,3,3,2,3,3,3,4,3,3,3
1595,3,3,3,3,3,2,2,3,4,4,3,3,5
1596,3,2,3,3,3,3,2,3,3,3,4,3,3
1597,2,4,4,4,4,4,4,4,4,3,5,4,1
1598,1,3,3,4,4,2,2,4,3,4,4,4,2
1599,1,1,3,3,3,2,2,3,2,5,3,4,4
1600,1,2,1,3,4,2,2,3,3,4,4,5,2
1601,3,3,2,3,3,2,2,3,3,4,3,4,4
1602,3,3,1,2,4,1,1,2,2,4,3,3,5
1603,1,3,4,3,4,3,3,4,4,4,2,3,4
1605,1,2,1,2,3,3,2,2,3,5,3,5,5
1606,3,1,2,3,4,3,2,3,3,3,4,4,4
1608,1,3,2,4,4,2,2,3,3,4,4,5,5
1609,1,2,2,3,3,2,2,3,3,3,3,3,3
1610,3,2,2,4,4,2,3,3,2,5,5,4,1
1611,1,2,2,2,2,2,2,2,2,4,4,4,4
1612,,,3,4,4,3,3,3,3,2,3,3,3
1613,1,2,2,3,3,2,2,3,3,2,3,1,1
1614,1,2,2,4,4,4,2,2,4,3,3,1,2
1615,2,2,2,3,3,2,2,2,2,4,5,3,4
1617,3,1,1,2,2,1,1,1,2,3,4,3,3
1618,2,2,3,3,3,2,2,2,3,4,3,3,2
1619,2,3,3,3,3,2,3,2,3,3,4,4,4
1621,1,3,2,3,3,2,2,3,3,5,4,5,5
1622,2,4,4,4,4,4,4,4,4,,5,5,4
1624,1,2,2,3,3,3,2,4,4,2,3,3,2
1625,3,3,2,3,3,2,2,2,3,3,3,3,3
1627,2,3,2,4,3,3,3,3,4,5,3,5,4
1628,3,2,2,3,3,1,2,3,2,5,5,4,2
1629,3,3,4,4,4,4,3,4,4,4,3,5,5
1630,3,2,2,4,4,2,2,2,3,2,2,3,4
1631,3,1,3,3,4,3,3,3,3,,3,4,4
1634,3,3,2,3,3,1,2,2,3,3,2,3,3
1635,1,2,2,3,3,3,3,3,3,4,5,3,4
1636,3,2,2,4,3,2,2,3,3,3,4,2,1
1637,2,2,3,4,4,3,4,2,3,1,3,3,4
1638,1,2,2,2,3,2,2,3,3,3,4,4,2
1642,1,2,3,3,3,2,2,2,3,2,5,3,4
1644,1,1,2,4,4,4,4,2,2,5,5,5,5
1645,2,3,2,4,4,4,4,3,4,4,4,2,3
1647,1,2,1,2,3,2,2,2,2,4,5,4,3
1648,3,2,2,3,3,2,2,2,3,5,3,4,1
1649,3,3,3,3,4,3,3,3,4,4,4,2,3
1650,1,2,2,3,4,2,3,2,3,4,5,5,4
1651,2,2,2,3,3,3,3,3,3,4,1,3,2
1652,3,2,1,3,3,3,2,3,3,4,4,4,3
1653,2,1,1,3,3,1,1,2,3,4,4,1,1
1654,1,2,3,4,4,2,2,3,3,5,4,3,3
1655,2,2,3,4,4,4,4,2,3,2,3,4,3
1656,3,3,2,4,4,3,2,2,3,4,4,4,3
1657,3,3,3,3,3,3,3,3,3,4,4,4,4
1658,2,2,2,4,4,1,2,3,4,5,3,4,4
1659,1,1,3,4,4,4,4,2,2,3,4,5,4
1661,1,,,,,,,,,3,5,2,2
1662,2,3,1,3,2,1,3,3,3,5,4,5,4
1663,2,2,2,3,3,3,3,3,3,3,3,,2
1664,,2,2,3,3,2,2,3,3,3,4,2,3
1665,,1,1,,,2,2,2,,4,4,4,3
1666,3,2,4,4,4,3,3,4,3,5,5,3,3
1667,,,,,,,,,,5,5,5,5
1669,3,3,2,3,3,2,2,2,3,3,2,3,4
1670,1,1,1,4,2,3,2,2,3,4,4,4,4
