lifesat,peopletrust,freewill,takeadvan,married,childs,fightcountry,impdem,beatchild,wageearn,incomecat,sex,educ,sacsecvalr,resemavalr
10,0,7,7,0,0,1,10,8,0,6,0,1,22.188801,34.743301
8,0,8,5,1,2,0,8,7,0,5,0,3,16.649,31.033998
3,0,8,4,1,0,0,10,9,0,2,0,1,37.674297,23.505301
4,0,5,4,1,2,1,9,7,1,6,1,5,52.264999,18.119999
1,0,3,8,1,3,0,9,8,0,3,0,2,48.0984,35.02
1,0,3,2,1,1,1,10,8,1,2,1,9,32.514999,39.771999
1,0,8,8,1,1,1,10,9,1,4,1,9,18.846399,36.362
1,0,5,5,1,3,0,10,1,0,1,0,5,9.8624992,21
1,0,7,3,1,0,1,10,1,1,1,1,5,13.1263,21
8,0,8,8,0,0,0,9,1,0,6,0,1,41.907997,27.82
6,0,8,6,1,1,1,9,8,1,5,1,5,7.1750002,27.623999
7,0,8,8,1,3,0,8,5,0,5,0,5,15.876301,31.448702
6,0,8,8,1,2,0,8,1,0,8,0,5,19.399,16.052
8,0,7,7,1,2,0,10,6,0,5,0,5,4.4250002,36.0853
5,0,7,8,1,2,0,10,1,0,5,0,3,32.801899,14.71
9,0,10,10,1,2,0,10,1,1,7,1,7,35.3708,30.504
1,0,4,7,1,2,1,10,2,0,3,0,4,37.410797,52.173298
3,0,7,3,1,2,1,10,8,1,3,1,4,32.514999,30.072001
2,0,2,4,1,2,0,8,3,0,2,0,1,65.160797,55.133999
3,0,2,4,1,2,0,8,3,0,2,0,1,57.628204,45.629997
7,1,9,5,1,4,0,10,9,1,1,1,2,14.8365,30.504
8,0,9,8,1,3,0,8,9,0,5,0,9,32.5429,20.804001
8,0,8,8,0,0,0,8,1,0,3,0,1,18.3048,23.505301
4,0,4,6,1,1,1,4,8,0,3,0,9,51.355396,26.696699
4,0,7,5,1,0,1,4,4,1,4,1,5,42.551899,40.733997
4,0,4,4,1,3,0,7,6,1,5,1,9,52.033901,33.481998
3,0,4,6,1,0,1,5,6,1,3,1,5,49.2505,29.161999
4,0,6,5,1,0,0,7,5,0,2,0,1,54.844803,48.130001
4,0,5,4,1,1,0,10,7,0,2,0,1,61.761398,27.82
4,0,7,4,1,1,0,9,5,1,4,1,5,44.736801,31.23
3,0,4,4,1,1,0,8,3,0,2,0,1,64.623703,13.172001
7,0,8,8,0,0,0,10,1,0,4,0,1,8.9875002,27.82
10,0,10,10,1,2,1,10,1,1,7,1,9,7.9478002,21
2,0,8,8,1,0,1,1,1,0,2,0,9,15.299999,27.82
4,0,3,3,0,0,1,10,2,0,5,0,3,48.639999,27.82
1,0,1,5,1,2,1,10,1,0,1,0,7,34.986801,1.6
3,0,3,4,0,3,0,10,7,0,1,0,1,55.654198,24.41
5,0,6,7,1,3,1,10,1,0,5,0,3,32.645199,55.686699
2,0,2,3,1,0,1,10,1,1,1,1,5,21.5618,35.02
7,0,7,7,1,3,0,7,5,1,5,0,5,41.648998,39.771999
4,0,8,6,1,0,0,10,7,1,5,1,3,54.077499,19.030001
2,0,8,5,1,3,0,9,7,0,5,0,5,54.077499,11.9333
5,0,9,5,0,0,0,10,8,0,6,0,8,38.126297,33.5853
4,0,4,3,1,2,0,10,9,1,4,1,5,49.445198,40.681999
4,0,9,5,1,0,1,9,1,0,3,0,1,27.7185,22.872
7,0,8,8,1,3,1,10,1,1,3,1,5,20.014999,21
5,1,3,7,1,0,1,8,1,0,2,0,1,40.2519,21
4,0,7,2,0,0,1,10,8,0,6,0,4,29.878199,38.533298
3,0,7,1,1,4,1,10,8,0,7,0,5,35.489403,31.23
6,1,6,2,1,2,1,10,7,0,7,0,5,31.322802,31.23
8,0,8,8,1,1,1,10,8,1,8,1,5,15.299999,27.82
6,0,8,2,1,3,1,10,8,0,7,0,9,21.416,39.91
7,1,8,1,1,2,1,10,7,0,6,0,1,27.156099,15.3433
4,0,7,2,1,0,1,10,7,0,7,0,3,27.156099,45.785297
7,1,7,8,1,0,1,10,8,1,7,1,9,30.522099,21.529999
7,0,7,7,1,0,1,9,3,1,6,1,4,63.748699,47.006699
7,0,5,5,1,2,1,9,4,1,5,0,9,30.737501,41.096699
5,0,4,7,1,0,0,8,4,1,4,1,1,30.4198,43.596699
8,1,8,8,1,0,0,8,3,0,8,0,5,35.2929,21.529999
8,0,7,8,0,0,0,8,8,0,8,0,5,47.148998,41.148701
8,0,8,8,0,0,1,10,1,0,1,0,1,24.4118,14.71
3,0,9,9,1,0,1,10,1,0,1,0,5,30.4685,11.3
2,0,9,8,1,0,0,10,2,1,2,1,1,31.043602,21
8,0,8,8,1,2,1,9,1,0,6,0,5,29.949701,40.785301
7,1,7,6,1,0,1,8,5,1,2,1,1,13.1263,21.633301
6,1,7,6,1,0,1,9,4,1,4,1,9,19.003201,21.633301
3,1,7,6,0,0,1,8,5,0,1,0,1,13.1263,25.043301
6,0,6,6,0,0,1,4,1,0,3,0,9,24.1817,28.8333
4,0,5,1,0,0,1,10,8,0,3,1,7,28.348299,34.743301
7,0,8,7,0,0,0,9,1,0,5,0,3,44.398998,25.043301
6,0,7,8,0,0,1,8,5,0,7,0,3,31.926901,8.4200001
9,0,7,7,1,0,0,7,6,1,4,1,2,41.970501,45.629997
4,0,9,5,0,0,1,9,2,0,5,0,9,41.728802,55.686699
7,0,5,6,0,0,0,8,5,0,4,0,1,52.845501,29.5767
6,0,6,6,1,3,0,6,5,0,1,0,1,49.3228,38.153301
5,1,8,6,0,1,0,8,2,0,4,0,1,49.9333,19.462
6,0,6,5,1,2,0,9,10,0,7,0,9,50.711502,66.728699
7,0,8,4,1,2,0,9,10,1,6,1,2,49.938801,28.004
9,0,8,4,0,0,0,9,9,1,4,0,1,55.014999,26.800001
7,0,6,7,1,1,0,9,4,0,6,0,6,25.0846,47.2253
6,0,4,2,0,0,1,10,5,0,3,0,7,48.341702,48.486702
4,0,4,2,0,1,1,10,1,0,4,0,1,46.529202,25.751999
4,0,3,1,1,0,1,9,5,1,5,1,2,39.133301,36.396702
2,0,3,5,1,2,1,10,6,0,5,0,7,30.737501,38.153301
2,0,3,1,0,1,1,10,1,1,3,1,1,44.716702,31.23
6,0,3,3,1,2,1,9,8,0,3,0,7,38.195801,38.153301
7,0,4,7,0,2,1,10,1,0,2,0,1,13.1263,31.3333
8,1,7,7,1,2,1,9,1,1,8,0,1,43.779202,40.681999
7,1,7,7,1,0,1,6,1,1,7,1,1,51.5709,44.523998
8,1,8,8,0,0,1,10,1,0,8,0,5,13.1263,36.0853
3,0,3,9,0,0,0,10,1,0,2,0,1,11.3138,36.0853
8,1,7,7,0,0,0,8,1,0,6,0,6,33.315701,45.434002
4,0,5,3,0,0,1,10,2,0,4,1,7,36.383301,21
2,0,3,4,1,2,1,10,5,1,4,1,7,38.195801,31.23
7,0,7,7,1,2,1,7,2,1,6,1,1,50.691402,43.613998
3,0,6,5,1,4,0,10,7,1,4,0,3,52.6609,36.0853
8,0,5,3,0,0,0,10,7,0,4,0,3,38.8554,34.743301
5,1,10,5,1,2,1,9,2,1,4,1,1,50.554802,58.370697
1,0,7,3,1,2,1,10,2,1,3,1,1,27.7323,18.119999
1,0,4,2,1,2,1,10,6,1,3,1,1,34.727798,33.5853
7,0,10,3,0,0,1,9,2,0,7,1,9,41.966702,25.043301
3,0,2,3,1,1,1,9,1,0,7,0,7,47.404202,24.41
1,0,6,8,1,3,1,10,9,0,3,0,5,34.904202,15.620001
3,1,8,8,1,0,1,9,8,1,3,1,7,48.639999,52.881996
1,0,3,9,1,2,1,10,9,0,3,0,5,27.811199,15.620001
6,0,9,7,1,3,1,6,6,0,6,0,1,23.0131,31.3333
1,0,1,1,1,3,1,10,8,0,5,0,9,22.471399,37.271999
8,0,7,6,1,1,1,8,9,0,6,0,8,34.862499,35.02
9,0,6,7,1,5,0,9,7,1,8,1,9,39.029198,21.91
1,1,7,4,0,0,0,9,1,0,2,0,1,13.2285,11.3
8,0,7,8,1,0,0,9,1,0,5,0,3,19.5012,23.8853
1,0,6,3,0,0,1,2,1,0,4,1,3,19.6471,18.119999
1,0,7,5,0,0,0,9,1,0,5,0,1,15.9785,36.5
8,1,8,6,0,3,0,9,10,0,8,0,1,15.299999,25.32
7,1,6,6,1,4,0,10,10,0,7,0,1,10.8,38.533298
9,1,10,10,0,6,0,1,1,0,2,0,1,33.833302,31.414
8,1,10,10,0,4,1,9,10,1,4,1,1,4.4250002,53.203999
5,0,10,6,1,0,1,10,6,1,5,1,5,36.237499,14.71
1,0,3,4,1,1,1,6,1,1,5,1,3,19.3445,31.3333
10,0,5,8,1,6,1,10,9,0,5,0,5,22.188801,46.972
2,0,7,6,1,2,1,10,1,0,3,0,9,30.7304,39.806702
1,0,1,8,1,4,1,10,1,1,1,1,1,33.272099,21.633301
1,0,10,3,1,2,0,10,1,0,5,0,4,26.383299,38.533298
1,0,1,3,1,0,1,10,1,0,1,0,1,27.8346,38.533298
4,0,7,6,1,2,1,10,3,0,2,1,1,55.410896,53.238701
1,0,4,8,1,2,1,10,7,0,4,0,9,13.1263,39.771999
10,0,10,9,0,0,1,10,1,0,3,1,7,23.639999,37.323997
10,0,9,9,1,1,0,10,7,1,7,1,9,42.378201,21
5,0,7,5,0,0,0,7,5,0,5,1,3,52.811199,38.43
4,0,8,5,1,3,0,8,6,1,7,1,5,47.764999,35.02
3,0,3,6,0,0,1,9,8,0,2,1,9,49.938801,32.52
2,0,3,6,1,0,1,9,7,0,3,0,5,28.4615,18.119999
1,0,5,7,1,3,0,9,9,1,3,1,5,34.039299,20.804001
8,0,8,1,1,3,1,10,6,1,8,1,5,11.5728,26.385302
8,1,9,9,1,2,1,10,5,0,5,0,9,33.676903,41.943298
1,0,1,8,1,2,1,10,1,0,1,1,2,25.7285,35.982002
2,0,8,8,1,1,1,10,1,0,1,0,9,25.0846,31.3333
1,0,10,1,1,3,1,10,1,0,1,0,9,39.070801,21
7,0,6,6,0,0,1,10,8,0,5,1,9,13.282999,18.119999
8,0,7,6,1,1,1,10,7,0,5,0,5,25.095499,18.119999
7,0,8,6,1,2,1,10,7,1,5,1,5,16.032999,18.119999
8,1,8,7,0,0,0,7,1,0,4,0,1,46.862499,49.472
8,1,2,10,1,0,1,9,1,1,4,1,1,13.1263,36.0853
4,0,4,2,0,0,1,9,4,1,4,1,3,28.049999,35.982002
10,0,7,8,0,0,1,10,1,0,5,1,9,30.737501,51.723999
3,1,7,7,1,2,1,10,1,1,4,1,5,20.014999,50.485302
1,0,1,1,1,0,1,10,1,1,3,1,9,36.7122,16.052
10,0,9,9,0,0,1,10,1,0,6,1,9,30.737501,55.133999
10,0,8,8,1,0,1,10,1,0,4,0,5,30.737501,44.195301
8,0,8,9,0,0,1,10,1,1,1,1,3,30.737501,58.647301
1,0,1,1,0,0,1,10,5,0,2,0,5,37.410797,11.3
5,0,5,4,1,1,0,5,4,0,3,0,1,15.876301,5.0099998
5,0,5,5,1,1,0,10,1,0,3,0,7,25.651199,23.92
1,0,7,7,0,0,1,7,2,0,7,0,5,47.764999,28.200001
3,0,6,6,1,3,0,7,7,1,6,1,3,47.764999,25.751999
3,0,6,6,0,0,1,7,1,0,6,1,5,54.862499,37.703999
3,0,6,6,1,0,0,9,1,1,6,1,1,40.876301,25.751999
2,1,7,5,0,0,1,10,1,0,5,1,5,20.014999,45.5373
4,1,3,6,1,3,1,10,1,1,5,1,5,20.014999,55.237301
2,1,2,9,0,0,1,10,1,0,5,0,9,33.507698,48.0373
1,0,1,1,1,0,1,10,1,0,2,0,5,36.873703,16.052
5,0,7,5,0,1,1,10,1,1,4,0,9,16.649,28.453299
1,0,1,10,1,1,1,10,1,0,1,0,5,20.9179,34.743301
1,0,1,1,1,2,1,10,1,0,1,1,1,29.251301,18.119999
5,0,5,5,1,3,1,7,7,0,6,0,5,47.258301,27.2953
10,0,10,10,1,2,1,10,5,1,8,1,9,6.2375002,31.610001
8,0,8,8,0,0,1,7,8,0,6,0,1,27.4667,31.610001
4,0,4,6,0,0,1,9,5,0,4,0,7,27.688801,52
5,0,4,6,0,0,1,8,4,0,3,0,3,24.9387,49.7253
1,1,4,5,0,0,1,9,4,0,2,1,2,17.320801,35.2733
1,0,4,5,0,0,1,9,2,1,4,1,4,15.876301,32.7733
10,0,8,8,0,0,1,10,4,0,4,0,1,23.639999,39.771999
4,0,3,6,0,0,1,9,4,0,4,0,4,24.9387,44.973297
1,0,5,5,1,3,0,8,1,0,3,0,5,27.688801,35.2733
1,0,3,4,0,4,1,9,6,0,3,0,1,41.6054,35.2733
1,0,4,4,1,4,1,9,4,0,3,0,1,24.9387,35.2733
1,0,4,5,1,4,1,8,4,0,3,0,3,24.9387,25.573301
3,0,3,5,1,0,1,9,1,1,3,1,5,18.626299,41.563301
1,0,3,3,1,5,0,8,2,1,4,1,3,15.876301,25.751999
4,0,3,3,1,2,0,9,4,0,3,0,3,24.9387,31.863298
3,1,8,6,1,7,1,10,8,1,4,1,1,20.009501,21.633301
6,1,8,5,1,2,1,10,8,0,5,0,5,23.7803,21.633301
3,0,8,3,1,3,1,9,8,1,4,1,1,20.009501,11.9333
1,0,10,6,1,2,1,10,8,0,4,0,1,15.447,21.633301
3,0,10,8,1,3,1,10,8,1,4,1,1,21.4596,8.4200001
3,0,8,3,1,5,1,8,8,0,4,0,1,47.3358,8.4200001
3,1,10,8,0,0,1,10,8,0,4,1,3,60.090298,18.119999
3,0,8,6,1,1,1,8,9,0,4,0,5,39.063702,18.119999
3,0,8,6,1,1,1,10,10,0,4,0,1,33.9958,18.119999
6,1,8,8,1,8,1,10,8,0,4,0,1,51.8983,15.3433
7,0,10,3,0,0,1,8,10,0,6,0,5,11.3138,21.633301
7,0,8,6,1,2,1,10,8,0,5,0,5,36.313801,5.0099998
5,0,10,5,1,0,0,10,4,0,4,0,1,30.737501,25.043301
1,0,10,5,1,2,0,10,4,0,3,0,5,16.751299,25.043301
8,0,8,5,0,0,1,8,3,0,7,1,9,47.764999,11.3
6,0,8,8,0,0,1,8,9,1,5,1,3,32.707001,11.3
2,0,10,9,0,0,0,10,1,0,4,0,1,54.077499,25.043301
10,0,6,3,0,0,1,6,2,0,6,1,9,44.716702,38.786701
4,0,8,7,1,0,1,9,9,0,8,0,1,25.7115,16.052
8,0,8,5,1,2,0,8,6,0,6,0,6,54.857998,21
1,0,8,8,1,2,1,10,9,1,4,1,9,21.6705,41.113998
2,0,3,7,1,1,0,10,1,0,2,0,1,40.2519,20.804001
6,0,6,3,1,0,1,10,4,0,5,0,3,52.904202,38.153301
9,0,8,7,0,0,0,10,8,0,7,0,9,25.457001,18.5
8,0,8,6,1,3,1,8,7,1,6,1,1,44.398998,21
1,0,10,3,0,0,0,10,2,1,5,1,5,59.7584,31.3333
3,0,10,6,0,0,0,10,1,0,5,1,5,44.971401,27.82
4,0,9,5,0,0,0,10,1,0,7,0,7,16.908001,34.743301
6,0,4,3,1,2,1,10,2,0,6,0,7,29.285801,25.751999
9,0,8,7,0,0,0,9,7,0,8,0,7,25.7115,28.004
4,0,5,5,1,2,1,10,1,0,5,0,3,10.8,34.743301
7,0,9,2,1,0,1,10,6,0,8,0,5,43.8228,31.23
6,1,7,7,1,0,1,9,9,0,6,0,1,13.1263,11.3
5,0,6,7,0,0,1,7,8,0,8,1,4,18.783001,42.271999
5,0,7,7,1,2,1,9,8,0,7,0,5,32.707001,18.5
1,0,10,4,1,0,0,10,4,0,3,0,1,16.751299,34.743301
1,0,1,5,1,2,0,10,5,0,5,0,5,21.820801,25.751999
1,0,1,1,0,0,1,10,1,0,1,0,4,21.0917,43.918697
8,0,7,7,1,2,1,9,8,1,6,1,1,23.644499,18.5
3,0,10,4,1,4,0,10,4,0,4,0,5,16.751299,25.043301
8,0,3,3,1,1,1,4,7,1,5,1,5,18.2304,18.119999
1,0,2,3,1,5,0,9,3,0,4,0,5,49.938801,24.940001
1,0,1,2,1,6,0,8,7,0,5,0,3,41.6054,15.24
1,0,2,3,1,4,0,8,9,0,4,0,4,31.827501,15.24
8,0,4,5,0,6,0,10,8,0,3,0,5,41.6054,34.639999
3,0,8,3,0,3,0,9,8,0,5,0,3,43.987499,27.82
1,0,2,2,1,6,1,5,7,1,3,1,1,26.9596,15.620001
1,0,2,3,1,2,0,9,8,0,4,0,1,24.9387,26.282001
1,0,2,3,1,2,0,8,8,0,3,0,5,33.272099,18.119999
8,0,3,3,1,0,1,9,8,1,2,1,4,14.063799,1.6
1,0,3,3,1,4,0,2,8,0,3,0,1,34.577499,18.119999
1,0,8,4,1,8,1,9,8,0,5,0,3,49.938801,11.9333
5,0,10,3,1,3,1,9,8,0,5,0,2,38.283001,31.3333
5,0,6,8,0,0,1,10,8,0,6,0,5,37.969501,24.41
1,0,8,8,1,5,1,9,9,0,4,0,3,49.938801,21.633301
7,0,10,4,0,0,1,10,8,0,6,0,9,46.832001,20.095301
8,0,6,8,1,2,1,10,8,0,6,0,5,37.969501,5.0099998
8,0,8,8,1,1,1,8,8,0,6,0,5,45.952499,8.4200001
10,1,8,9,0,6,0,10,9,0,4,0,1,18.049999,11.9333
10,0,1,10,1,5,0,10,8,0,8,0,5,18.8228,35.376701
8,0,10,4,1,1,0,10,8,0,5,0,5,13.385201,25.32
8,0,8,5,1,3,1,10,5,0,7,0,1,22.188801,22.872
9,1,8,7,1,3,0,1,4,0,7,0,5,28.983,22.543301
1,1,7,6,1,2,0,9,1,0,7,0,2,15.876301,31.3333
1,0,7,7,1,4,0,9,4,0,5,0,4,20.945799,31.3333
8,1,8,6,1,2,0,9,6,0,7,0,3,39.070801,18.119999
8,0,6,6,1,4,1,10,5,0,5,0,1,32.550003,27.82
8,1,8,6,1,0,1,10,1,0,8,0,3,26.8971,27.82
8,1,8,8,0,0,1,10,6,0,6,0,4,23.639999,21.633301
9,0,8,5,0,3,1,8,10,1,8,0,5,31.966702,28.8333
10,1,9,2,1,5,1,9,9,0,8,0,1,15.299999,28.8333
5,0,1,2,1,4,1,10,1,1,1,1,5,27.8346,27.82
5,0,9,8,1,6,1,10,1,0,1,0,5,28.3958,21.633301
1,0,5,8,1,2,1,10,7,0,3,0,6,18.202499,18.5
7,0,8,8,1,1,1,9,1,0,7,0,7,33.676903,28.038702
10,0,10,9,0,0,1,9,2,0,6,0,5,7.9478002,25.751999
5,0,8,6,1,2,1,10,7,0,5,0,5,11.3138,24.213999
9,0,8,5,1,2,1,10,8,0,6,0,5,16.1243,8.4200001
1,0,2,8,1,2,1,10,1,0,1,0,6,22.362501,38.43
7,0,7,3,0,0,1,6,7,0,6,0,5,25.7115,39.4953
3,0,7,3,1,2,1,6,6,0,5,0,5,46.007698,35.02
7,0,7,2,1,3,1,6,7,1,6,1,1,42.378201,34.743301
8,1,8,1,1,3,1,9,7,1,8,1,5,30.522099,24.41
3,0,3,5,1,2,1,7,8,1,4,1,5,44.327499,27.82
3,0,4,4,1,1,1,4,8,1,4,1,1,31.855402,36.362
3,0,4,3,0,0,1,3,8,1,3,1,5,49.294899,27.82
2,0,7,7,0,0,1,9,2,1,4,1,2,28.958801,24.41
2,0,5,8,0,0,0,9,9,1,3,0,1,52.011402,31.23
5,0,3,7,1,1,0,10,10,0,3,0,9,38.178101,18.119999
3,0,4,6,1,1,0,9,10,1,2,1,2,36.7948,37.323997
3,0,4,6,1,0,0,10,9,1,4,1,5,43.941601,25.32
1,0,9,8,1,0,1,10,1,1,1,1,3,40.160797,40.837299
10,0,8,8,0,0,1,10,4,0,1,0,1,23.639999,42.024002
1,0,1,1,0,0,1,10,5,1,1,1,5,43.666,31.23
1,0,1,1,1,3,0,10,5,1,1,1,7,24.052801,18.119999
7,0,8,8,1,2,1,2,2,1,4,1,3,61.174999,52.553303
3,0,7,2,1,3,1,7,10,0,7,0,1,26.512199,34.743301
1,0,6,8,1,2,1,10,9,1,2,1,6,13.770201,32.952
1,0,8,8,1,3,0,10,6,0,3,0,9,22.260199,36.362
1,0,1,8,1,3,0,10,6,0,1,0,1,31.431698,23.252001
6,0,3,3,0,0,1,8,2,1,2,1,2,63.094799,35.02
4,0,6,4,1,2,1,6,2,1,3,1,9,54.878201,36.362
1,0,6,5,1,0,0,7,4,1,6,1,5,50.515003,35.02
3,0,3,4,1,3,1,3,3,0,3,0,2,64.5448,27.82
3,0,3,4,1,2,0,10,7,0,5,0,9,55.654198,24.41
7,0,7,8,0,0,0,7,6,0,5,0,3,63.195801,46.591999
1,0,8,3,1,2,1,10,1,0,1,0,5,32.617302,31.23
6,0,7,8,1,0,1,9,1,0,3,0,1,16.5945,27.82
3,0,3,6,1,3,1,2,8,1,4,1,5,40.961502,31.23
8,0,5,4,0,0,1,10,3,0,7,1,9,25.6542,63.215298
8,0,8,5,0,0,0,10,1,0,4,1,5,26.530298,16.4667
2,0,4,5,0,0,1,10,6,1,3,0,5,48.494198,25.32
5,0,7,6,0,0,1,10,4,0,2,1,8,27.4667,31.23
10,1,7,7,0,2,0,8,3,0,1,0,1,18.626299,1.6
8,1,7,6,0,3,0,7,3,0,1,0,1,18.626299,11.3
8,1,8,6,1,3,0,7,6,1,1,1,3,21.9923,11.3
10,0,8,8,1,3,0,8,3,0,1,0,1,22.251301,1.6
1,0,1,4,0,4,1,8,5,1,3,0,1,47.188698,43.285301
2,1,5,6,1,3,1,9,6,0,1,0,5,54.077499,22.872
4,1,6,5,1,3,1,8,6,0,2,0,1,35.960701,28.257301
3,1,6,5,1,5,1,8,6,1,3,0,1,45.744198,16.582001
1,0,1,5,1,2,1,8,9,1,2,1,1,33.272099,19.462
8,0,10,1,1,3,1,10,1,1,6,1,2,7.9478002,31.3333
7,0,10,1,1,3,1,10,5,1,3,1,2,23.6478,26.385302
3,0,4,4,1,2,0,8,10,0,5,0,5,53.461498,25.32
6,0,10,4,0,0,1,10,7,1,7,1,4,11.3138,31.3333
3,0,3,3,0,0,1,3,7,0,3,1,1,42.406101,27.82
2,0,7,3,0,0,1,6,6,0,6,0,5,34.0448,27.82
7,0,7,8,1,0,0,9,1,0,4,0,1,17.0103,25.32
9,0,8,7,1,2,1,10,8,0,6,0,9,11.3138,5.0099998
4,0,4,4,1,1,1,8,3,0,2,0,1,62.971401,41.148701
4,0,4,5,1,0,0,7,6,1,4,1,5,47.989403,21.633301
7,1,7,1,0,0,1,10,8,0,6,0,1,22.188801,31.3333
4,0,5,8,1,0,1,10,1,1,3,1,1,23.375502,21.529999
1,0,1,1,1,1,1,10,1,0,1,0,6,23.5112,34.547298
10,0,9,9,1,2,1,10,1,0,3,0,5,23.5853,51.723999
10,0,10,9,1,1,1,10,1,0,4,0,5,27.107998,50.485302
10,0,8,9,0,0,1,10,1,0,3,0,5,39.070801,38.234001
7,0,8,6,1,0,1,10,7,1,6,1,5,19.399,19.030001
1,0,1,1,1,2,1,10,5,0,1,0,5,46.358299,25.700001
7,0,4,7,1,0,0,10,2,0,6,0,5,41.6054,43.596699
3,0,4,4,1,4,0,9,10,1,6,1,1,45.376301,15.620001
3,0,3,4,1,2,0,9,10,0,3,0,5,54.077499,32.52
8,0,8,4,0,1,0,9,1,0,1,0,1,41.1353,13.966701
7,1,8,7,1,2,1,9,6,1,2,1,1,34.924999,24.213999
9,1,9,8,0,0,0,9,2,0,1,0,3,55.980404,40.4053
6,0,6,6,1,2,1,10,7,1,5,1,9,19.399,27.82
5,0,7,6,1,1,1,10,8,0,5,0,5,6.2375002,25.043301
2,0,8,8,1,3,1,4,1,0,3,0,7,27.8346,29.795301
8,1,9,9,1,0,1,10,9,0,7,0,9,30.522099,39.4953
6,0,5,5,1,2,0,5,1,0,3,0,5,23.829199,43.32
4,0,4,5,1,0,0,8,2,0,3,0,1,48.6679,24.41
7,0,7,7,1,2,0,10,7,0,7,0,9,27.156099,40.93
1,0,2,8,0,0,1,10,1,0,2,1,8,32.774002,51.447304
8,1,8,7,0,0,1,10,4,1,7,1,5,30.516602,34.823997
10,0,8,9,0,0,1,10,6,0,1,0,1,31.973299,42.024002
6,0,4,5,1,3,0,9,1,1,3,1,3,19.031099,36.396702
1,0,1,1,1,0,1,10,5,0,1,0,2,23.115299,25.32
3,0,5,6,1,5,0,8,3,1,4,1,5,39.063702,41.563301
9,1,6,3,0,0,1,9,3,0,2,1,5,57.594799,40.152
7,0,7,6,1,3,1,10,5,1,5,1,5,50.095497,60.818703
3,0,8,3,1,4,0,9,9,1,7,1,5,48.126301,23.505301
6,0,7,4,1,2,1,9,2,1,4,1,3,24.614399,36.396702
8,0,7,6,1,0,1,10,7,1,7,1,7,19.399,21.529999
3,0,8,3,1,3,0,8,9,0,8,1,9,61.174999,48.130001
6,0,3,4,1,3,0,8,4,0,1,1,2,56.978798,28.73
7,1,9,4,1,4,1,10,4,0,5,0,4,47.8727,24.41
9,1,9,7,1,5,1,6,2,0,7,0,2,23.593599,33.914001
4,0,8,4,1,2,0,9,10,1,8,1,4,48.742302,39.771999
6,0,6,6,1,5,0,7,5,0,4,0,1,53.461498,40.186699
9,0,8,9,0,0,0,9,3,0,8,1,4,42.181702,50.6007
7,0,8,3,1,1,0,9,10,0,6,0,4,53.461498,33.205299
3,1,8,4,0,0,0,9,10,0,7,1,4,50.711502,22.543301
2,0,8,8,1,0,0,2,1,0,2,0,9,40.223301,49.7253
2,0,2,7,0,0,0,10,2,0,3,0,1,38.191299,25.32
2,0,3,8,1,2,0,9,1,0,3,0,7,47.320801,44.777302
9,0,8,8,0,0,0,9,8,0,6,0,8,14.5708,34.743301
5,0,7,7,1,4,0,9,1,0,4,0,7,13.4875,39.771999
6,0,7,5,1,3,0,8,8,0,5,0,5,14.5708,39.4953
8,1,6,6,1,2,1,8,7,1,5,1,3,11.3138,25.751999
7,0,7,6,1,2,1,10,8,0,6,0,9,19.657999,21.529999
9,0,8,8,1,0,1,10,6,0,1,0,1,48.287498,33.5853
1,0,6,6,1,3,0,7,4,1,7,1,5,47.764999,37.323997
10,0,4,3,1,1,1,10,7,0,1,0,4,14.9388,21.633301
5,1,7,5,0,0,0,10,7,0,5,0,8,24.9387,34.743301
8,0,8,10,1,0,0,10,9,0,7,0,3,19.9603,16.052
2,1,8,9,1,0,0,10,2,1,4,1,5,51.876904,23.286701
3,0,8,4,1,3,1,8,5,1,5,1,5,34.716698,28.73
1,1,5,9,0,1,1,10,1,0,4,0,3,13.385201,30.072001
1,0,1,1,0,0,1,10,5,0,2,0,1,50.5,11.3
7,0,7,8,1,3,0,8,5,0,4,0,9,35.489403,44.661999
5,0,7,4,1,3,1,8,2,0,5,0,9,21.4596,48.866699
5,0,8,4,1,4,1,10,2,1,7,1,9,14.5708,49.419998
5,0,8,3,1,3,0,9,10,0,8,0,8,61.174999,44.34
7,0,9,2,0,0,1,10,2,0,7,0,5,21.820801,35.238701
6,0,4,1,1,1,0,10,1,0,1,0,3,4.4250002,32.572002
8,0,10,10,0,0,1,9,3,0,1,1,5,21.9923,8.4200001
10,1,8,9,1,3,1,10,2,0,1,0,5,18.626299,11.3
9,1,7,9,1,4,0,10,7,0,1,0,2,38.815701,11.3
10,1,7,8,1,1,0,6,3,0,2,0,5,18.626299,11.3
4,0,3,7,1,2,0,10,2,1,3,1,5,34.566299,11.3
1,0,2,2,1,2,0,9,1,0,3,0,3,33.487499,25.32
2,0,7,7,1,1,0,9,2,0,1,0,5,40.941299,56.5107
7,0,8,8,1,3,1,10,6,0,6,0,5,27.156099,21.529999
4,0,10,3,0,0,0,10,3,0,1,0,1,23.024,41.943298
6,0,7,2,0,0,1,10,8,0,7,0,5,22.2167,35.982002
3,0,3,9,1,0,1,10,1,1,2,1,9,39.070801,37.900002
2,0,9,8,1,2,0,10,1,0,2,0,9,48.5019,40.025299
8,0,5,5,1,0,1,5,1,1,1,1,3,13.282999,18.119999
6,0,8,6,0,0,1,8,5,0,5,1,5,31.454102,37.323997
3,0,9,6,1,2,0,10,1,0,2,0,5,19.9603,23.286701
7,0,6,6,0,0,1,10,7,0,5,0,9,28.4615,18.119999
1,0,1,8,0,3,0,10,7,1,1,0,1,34.181698,23.252001
6,0,8,7,1,3,1,10,9,1,7,1,9,4.4250002,31.3333
6,0,8,8,1,3,0,9,7,0,5,0,5,6.2375002,21.633301
8,0,8,8,1,2,1,10,1,1,7,1,9,11.3138,21
8,0,8,2,1,2,1,8,1,0,4,0,1,18.049999,19.462
8,0,7,5,1,1,1,9,1,1,4,1,1,34.577499,40.733997
8,0,8,8,0,0,1,8,1,0,4,0,1,18.049999,40.733997
8,0,8,8,1,0,0,8,1,0,4,0,1,27.688801,38.43
7,1,7,7,0,0,1,10,7,0,7,0,5,41.040302,35.376701
8,1,7,8,1,6,1,9,1,0,3,0,1,47.251202,15.3433
8,0,7,4,0,0,1,9,8,0,8,0,9,54.077499,44.091999
7,1,7,3,1,0,0,9,1,0,3,0,1,31.827501,14.71
6,0,8,3,1,4,0,7,4,0,5,0,5,38.924999,21.529999
7,1,7,8,1,0,0,1,5,0,3,0,1,34.2108,31.23
5,0,5,5,1,0,0,5,3,1,4,1,7,19.399,27.82
5,0,5,5,1,2,1,5,4,1,7,1,9,9.7602997,15.620001
9,0,7,8,1,3,0,10,5,1,7,1,9,45.014999,29.161999
4,0,8,8,1,3,1,7,4,1,4,1,4,41.648998,43.181999
6,0,7,7,1,3,0,7,7,0,6,0,9,43.461498,44.661999
4,0,7,8,1,5,1,9,1,0,1,0,1,44.3554,29.795301
5,0,6,8,1,4,1,10,7,0,1,0,1,39.431702,23.505301
4,1,8,4,1,3,1,10,4,0,1,0,1,49.938801,26.282001
6,0,8,6,0,0,1,10,8,0,6,1,9,38.126297,27.82
8,0,10,6,1,4,1,10,8,1,7,1,9,41.912498,8.4200001
6,0,10,3,1,2,1,10,8,1,5,1,1,42.2929,11.9333
8,0,10,8,0,0,1,10,8,0,6,1,8,37.969501,21.633301
8,0,8,4,1,3,1,9,8,0,5,0,5,36.313801,11.9333
3,0,7,8,1,1,1,10,3,1,6,1,5,38.283001,11.9333
4,0,10,3,0,0,1,5,8,1,6,1,3,60.295498,18.119999
5,0,10,3,0,0,1,9,8,0,5,0,9,47.345501,11.9333
1,0,8,7,1,0,1,10,7,1,5,1,2,39.063702,21.529999
7,0,10,3,0,0,1,10,8,1,4,0,1,38.926899,11.9333
1,0,3,3,0,5,1,9,8,0,5,0,2,18.049999,16.052
1,1,9,4,1,4,1,10,8,0,4,0,1,39.063702,22.872
2,1,10,5,1,3,1,10,3,0,7,0,1,47.188698,42.9053
9,0,8,5,1,5,1,9,6,1,7,1,9,22.397099,32.572002
2,0,7,6,0,0,1,9,6,0,2,1,8,44.398998,46.972
8,0,8,8,1,1,1,8,8,0,4,0,2,56.827499,22.872
8,0,8,8,1,6,1,8,1,0,4,0,2,24.9387,30.072001
8,0,8,8,1,3,1,8,1,0,1,0,1,18.049999,27.82
7,1,7,5,0,0,0,9,6,0,4,0,3,22.188801,18.119999
5,1,8,7,1,4,1,8,6,1,2,1,2,13.1263,25.043301
4,0,8,5,0,1,0,1,1,0,5,0,5,29.862499,14.71
6,0,8,5,1,4,0,7,1,0,5,0,5,22.188801,42.299999
6,0,8,8,0,0,1,10,8,0,4,0,7,38.239399,46.1707
7,0,7,5,0,0,1,9,7,0,7,1,4,24.9823,29.161999
7,0,7,6,1,1,1,10,2,1,6,1,5,27.9804,33.153301
8,0,7,8,1,4,1,8,1,0,4,0,1,24.9387,25.32
8,0,8,8,1,4,1,7,1,0,4,0,1,31.827501,31.033998
1,0,7,8,0,0,1,10,7,0,3,1,9,20.014999,27.623999
7,1,8,8,0,0,1,10,5,0,4,0,1,24.9387,27.82
6,0,6,5,1,4,1,9,2,0,3,0,1,33.272099,30.210001
9,1,6,1,1,2,1,10,10,1,4,1,7,9.7602997,21.633301
3,0,8,6,1,3,1,10,8,0,5,0,7,39.063702,11.9333
2,0,9,6,1,1,1,10,8,0,5,0,2,53.925003,21.633301
1,0,5,6,1,4,0,7,2,1,7,0,5,26.9596,32.572002
2,1,6,6,1,0,0,7,2,0,5,0,5,48.126301,25.751999
4,0,7,7,1,2,0,7,3,1,6,1,5,47.148998,32.572002
1,0,6,6,0,2,0,7,2,1,7,0,1,57.764999,32.572002
10,0,10,8,1,3,1,10,1,0,6,0,7,40.306698,50.485302
10,0,8,9,0,0,1,10,2,0,4,0,5,39.070801,53.895302
9,0,8,8,1,1,1,10,2,0,6,1,5,55.737503,55.237301
9,0,8,9,1,2,1,10,1,0,3,0,5,55.737503,42.024002
5,0,5,5,0,1,0,10,1,1,3,0,9,20.2785,33.619999
5,0,5,5,1,0,0,10,1,0,3,0,9,20.2785,34.743301
10,0,9,7,1,2,1,10,8,1,6,0,9,58.091702,51.540001
3,0,5,5,1,5,0,5,6,0,2,0,1,44.971401,21.529999
8,1,8,9,1,3,0,8,2,1,1,1,1,18.626299,11.3
8,0,8,5,1,3,1,10,10,0,5,0,5,7.9478002,36.0853
9,1,8,6,0,3,0,8,3,0,1,0,1,15.2603,21.334
2,0,3,5,0,0,0,9,1,0,2,1,4,35.332699,8.4200001
2,0,4,5,1,3,1,10,7,1,1,1,7,41.6054,46.695301
3,0,5,5,1,3,1,10,5,0,1,0,5,29.071999,35.982002
9,0,5,1,1,1,0,10,6,0,1,0,3,14.6798,43.285301
7,1,6,6,1,0,0,10,5,1,6,1,3,33.487499,11.3
7,1,7,8,1,0,0,9,7,1,5,1,2,42.174999,8.4200001
8,0,8,10,0,0,1,10,6,0,6,0,1,38.8554,38.337299
4,0,3,1,0,0,1,10,9,0,4,0,5,11.4705,48.486702
10,0,9,6,1,3,1,10,8,0,10,0,9,22.345499,25.751999
2,0,7,3,0,0,1,10,1,1,8,0,5,44.508301,28.8333
4,0,5,3,0,4,1,5,8,1,1,0,5,38.352798,21.91
9,0,8,8,1,0,1,9,8,0,6,0,5,52.112503,33.5853
1,0,7,7,0,0,0,4,1,0,6,0,5,19.5012,24.41
1,0,2,10,0,2,1,10,8,0,5,0,1,18.049999,25.751999
4,0,10,8,0,0,1,9,9,0,7,0,6,47.188698,21
3,0,8,5,1,4,1,10,8,0,6,0,5,43.196999,27.82
1,0,3,3,0,0,0,7,1,0,4,0,4,34.577499,35.2733
1,0,3,3,1,1,0,8,1,0,3,0,4,33.272099,25.573301
3,0,10,6,1,6,1,10,8,1,5,1,1,47.764999,11.3
1,0,2,2,1,1,0,9,6,0,3,0,1,44.3554,25.573301
1,0,3,3,1,2,0,8,7,0,3,0,1,33.272099,30.3253
8,0,10,10,0,0,1,10,5,1,3,0,1,15.299999,28.8333
9,0,9,1,1,2,1,10,1,0,1,0,5,41.633301,25.043301
4,0,4,4,0,0,0,6,4,0,6,1,7,40.299999,37.900002
5,0,6,6,0,0,0,4,6,0,5,0,8,54.140003,40.186699
5,0,5,5,1,3,1,6,5,0,5,0,5,52.112503,16.052
8,0,3,10,1,2,1,10,1,0,6,0,5,18.8228,39.166702
5,0,10,3,0,0,0,10,5,0,1,1,5,16.751299,25.043301
4,0,10,5,0,0,0,10,1,0,3,0,1,27.269501,25.043301
5,0,6,4,1,1,1,9,7,0,4,0,7,42.758301,39.4953
1,0,9,1,1,1,0,10,1,0,4,0,5,30.737501,20.51
3,0,4,5,0,0,1,1,1,0,3,1,9,16.9125,18.119999
4,1,5,5,0,0,1,10,1,0,6,1,9,20.014999,50.485302
3,1,7,5,1,1,1,10,1,0,4,0,4,29.341,29.161999
3,1,7,7,1,3,1,10,1,1,5,1,7,20.014999,33.5853
1,0,1,1,0,0,1,10,8,0,1,0,4,37.799999,65.4673
1,0,1,1,1,3,1,10,5,0,3,0,5,44.508301,11.3
1,0,1,1,1,2,1,10,5,0,2,0,5,52.841698,18.5
1,0,1,1,1,2,1,10,6,0,4,0,5,44.508301,12.21
1,0,1,1,0,0,1,10,5,0,1,0,1,48.674999,11.3
4,0,7,8,1,1,1,10,1,0,4,0,5,14.6798,21.633301
8,0,8,6,0,0,0,8,5,0,5,0,9,51.389999,21
3,0,9,6,0,0,0,10,1,1,3,1,5,33.244198,31.3333
3,0,8,8,1,1,1,9,7,1,8,0,9,18.202499,28.200001
9,0,8,7,1,2,0,8,7,0,7,0,1,43.056698,21.529999
9,0,6,4,0,0,1,9,3,0,5,0,9,41.820801,18.5
6,0,1,1,0,1,1,10,1,1,3,1,5,33.633301,21
5,0,6,4,0,0,1,9,5,0,4,1,9,44.716702,21
8,0,8,8,0,0,1,10,7,0,8,0,1,29.0228,11.3
8,0,7,6,1,8,1,9,5,0,7,0,5,25.7115,18.5
10,0,9,6,1,2,0,7,9,0,5,0,3,43.056698,35.02
8,0,7,5,0,0,0,8,6,0,5,0,1,57.608002,11.3
7,0,5,3,1,3,1,9,5,0,6,0,7,25.457001,21.529999
6,0,5,5,1,2,1,9,4,1,5,1,7,43.779202,28.200001
9,1,8,8,0,0,0,9,1,1,6,1,7,43.779202,44.523998
9,1,9,9,0,0,0,9,1,1,8,1,5,55.737503,22.872
8,1,9,9,0,0,0,10,1,0,6,1,5,52.112503,57.737305
9,1,8,9,1,2,0,9,1,0,6,0,9,45.591702,37.323997
8,0,8,8,0,0,0,9,2,0,3,0,1,60.445797,52.553303
8,1,7,7,1,0,0,8,2,0,4,0,1,52.112503,38.234001
8,1,8,8,1,2,0,9,1,0,7,0,5,52.112503,27.623999
7,1,8,7,1,2,1,8,1,0,7,1,8,47.764999,29.5767
6,1,7,7,0,0,1,8,1,0,7,0,9,36.681702,33.5853
9,0,9,8,0,1,0,7,1,0,6,0,2,52.112503,25.32
8,0,8,6,1,2,0,10,9,0,4,0,5,45.117302,19.462
10,0,1,10,0,0,1,10,1,0,6,1,4,6.2375002,59.200001
8,0,8,4,1,3,1,9,2,0,8,0,9,22.188801,13.172001
3,1,8,3,1,4,1,9,8,1,9,1,9,16.751299,33.205299
6,0,7,4,1,2,0,8,8,0,7,0,6,56.827499,23.252001
8,0,8,8,0,0,0,9,1,0,4,1,3,31.827501,31.23
8,0,8,8,0,0,1,9,1,0,1,0,1,22.1833,18.119999
8,0,8,8,1,0,1,9,1,0,4,0,1,24.9387,31.23
4,0,7,5,1,2,1,9,2,1,2,1,1,44.242298,25.043301
3,0,7,5,1,1,1,10,7,0,5,0,1,25.6542,19.462
2,0,8,8,1,3,1,10,3,0,2,0,1,41.6054,26.282001
8,0,8,5,1,4,1,7,1,0,4,0,1,31.827501,33.481998
8,0,8,4,0,0,1,10,2,0,6,1,4,41.648998,46.540001
6,0,8,7,1,2,1,8,6,1,6,1,5,33.987503,40.681999
8,0,8,5,1,0,0,9,1,0,4,0,1,34.841,5.0099998
1,0,8,5,1,3,0,8,1,0,4,0,2,34.577499,18.119999
9,1,8,5,1,3,1,9,1,0,5,0,5,27.688801,18.119999
7,0,8,5,0,0,1,8,8,0,4,0,2,31.0548,25.043301
7,1,8,5,1,3,0,9,2,0,2,1,5,37.674297,21.529999
7,0,8,5,1,4,1,7,1,0,4,0,5,24.9387,21.633301
2,0,7,3,1,4,1,10,1,0,5,0,1,46.992298,15.24
8,1,8,5,1,3,0,6,1,0,3,0,1,33.272099,21.529999
4,0,7,4,1,6,1,9,3,0,2,0,1,40.876301,35.982002
5,0,8,5,1,1,0,5,4,0,4,0,1,40.961502,18.119999
8,0,8,5,1,2,1,8,1,0,4,0,1,18.049999,26.282001
2,1,7,5,1,3,0,8,1,0,5,0,5,15.299999,21.633301
8,1,8,5,1,4,0,1,6,1,7,0,3,13.1208,18.7533
3,0,6,8,1,4,1,10,3,0,1,0,1,49.938801,29.691999
6,0,7,8,1,0,1,10,2,0,5,0,5,38.8554,27.2953
1,0,4,3,0,1,1,9,3,1,6,1,7,43.626301,49.7253
1,0,4,5,1,0,0,9,1,0,6,0,5,24.9387,35.2733
1,0,1,4,0,0,1,9,3,0,6,1,9,15.876301,47.2253
1,0,4,5,1,1,1,9,3,0,6,0,5,24.9387,44.973297
1,0,5,6,0,0,1,9,2,0,5,1,5,15.876301,41.563301
1,0,5,6,1,3,1,9,2,0,6,0,5,47.878201,35.2733
1,0,5,5,1,3,1,9,2,0,6,0,5,27.688801,35.2733
1,0,5,6,0,1,1,8,3,0,7,0,9,25.514999,52
1,0,5,6,0,0,1,9,1,0,7,1,6,24.9387,44.973297
1,0,6,6,1,6,1,8,2,0,6,0,5,47.1054,49.7253
1,0,5,6,0,0,1,9,3,0,6,0,9,27.688801,35.2733
1,0,5,5,1,2,1,9,4,1,6,1,9,18.626299,41.563301
1,0,5,6,1,0,1,9,4,0,6,0,3,18.626299,41.563301
5,0,10,6,0,3,1,10,8,0,8,0,5,13.1263,21.633301
7,1,6,6,1,2,1,9,1,1,6,1,9,14.063799,44.973297
3,0,8,6,1,6,1,10,8,0,8,0,7,11.3138,11.9333
8,1,10,8,0,0,1,10,8,0,8,1,8,13.1263,31.3333
6,0,8,3,0,0,1,10,8,0,8,1,8,11.3138,11.9333
8,0,8,6,1,1,1,10,8,1,8,0,7,14.6798,25.043301
3,0,10,6,1,0,1,10,10,0,8,0,9,14.6798,11.9333
4,1,8,3,1,0,1,8,10,1,8,1,7,20.009501,11.9333
3,0,10,8,1,3,1,10,8,0,8,0,9,24.8256,21.633301
3,1,10,8,1,2,1,10,8,1,8,1,9,16.649,11.9333
3,0,10,8,1,3,1,10,10,0,8,0,9,11.3138,21.633301
3,1,10,5,1,4,1,10,8,1,8,1,9,13.1263,21.633301
8,1,10,9,0,0,1,10,8,0,8,1,9,13.1263,21.633301
3,0,10,8,0,2,1,10,8,1,8,0,9,11.3138,26.3333
7,0,7,6,1,1,0,6,5,0,6,0,9,60.994202,50.7967
8,0,9,8,1,1,0,9,1,0,1,0,2,25.299999,46.833302
5,0,10,9,0,0,1,10,1,0,1,0,9,4.4250002,40.1287
5,0,6,6,1,1,0,5,4,1,6,0,9,52.416302,44.720001
5,1,5,6,1,1,0,7,5,0,5,1,5,55.556702,32.986702
7,0,7,6,0,2,0,6,6,1,6,0,3,63.924999,39.91
7,0,7,6,0,0,1,7,6,0,6,1,9,63.924999,25.043301
8,0,3,5,0,0,1,9,8,0,6,0,2,36.178799,23.286701
7,0,7,6,1,1,0,7,6,0,6,0,9,68.058304,41.943298
7,1,2,4,1,1,1,8,8,0,7,0,5,39.5448,27.82
1,1,8,2,1,1,1,9,8,1,6,1,2,45.156101,11.3
8,0,9,6,1,4,0,10,1,0,5,0,9,24.9387,33.205299
5,0,8,6,1,1,0,5,1,0,6,0,1,22.188801,21.633301
5,0,9,9,1,2,1,10,1,1,9,1,9,6.2375002,38.153301
6,0,1,1,1,3,1,10,1,0,5,0,1,18.8228,38.153301
5,0,10,1,1,2,1,10,1,0,2,0,7,13.4875,49.828701
7,0,5,6,1,2,1,7,5,1,7,1,9,60.905998,41.644001
7,0,7,7,1,0,0,7,6,1,7,1,3,72.224899,64.125298
7,1,3,4,0,2,0,4,7,1,7,0,5,79.1082,55.271999
3,1,4,7,0,0,1,10,1,0,5,1,9,21.4596,26.385302
2,1,6,7,1,0,0,10,1,0,6,0,9,13.1263,46.418701
6,0,7,6,0,0,0,10,1,0,3,0,1,15.480401,25.751999
7,1,8,6,1,0,1,10,1,0,7,0,9,13.1263,36.0853
5,1,6,7,1,2,1,10,1,0,7,0,5,23.0131,26.385302
5,1,5,7,1,2,0,7,1,0,4,0,9,11.3138,26.385302
6,1,7,7,1,0,0,10,1,0,3,0,1,15.480401,26.385302
5,1,7,7,1,2,1,10,1,0,3,0,1,19.6471,26.385302
3,0,8,6,1,2,0,9,6,0,6,0,4,50.617199,27.82
3,0,8,6,0,2,0,8,2,1,5,0,1,54.862499,24.41
5,0,5,5,1,1,0,6,5,0,5,0,5,31.237501,21
7,0,2,2,0,0,1,8,8,0,7,1,8,47.312099,40.152
7,0,6,6,0,0,0,6,6,0,7,1,9,68.058304,26.282001
7,0,7,5,0,1,0,7,6,1,7,0,7,63.924999,66.399994
6,0,7,5,1,0,0,7,4,0,6,0,1,68.058304,31.23
3,0,2,2,0,0,1,10,5,0,5,1,9,23.4333,31.610001
6,1,4,8,0,0,1,10,1,0,4,0,5,18.202499,41.470699
2,0,3,4,1,3,0,5,2,0,2,0,5,56.290401,26.662001
2,0,5,9,1,2,0,7,1,1,5,1,9,41.752399,29.161999
5,0,6,5,1,2,0,6,1,0,3,0,5,52.841698,35.982002
2,0,5,4,1,2,0,5,4,0,4,0,5,61.174999,21.91
1,0,4,5,1,2,0,5,2,0,3,0,1,49.9109,16.052
5,0,8,8,1,2,1,10,2,1,2,1,5,21.0917,25.751999
5,1,6,6,1,0,1,5,1,1,5,1,1,15.480401,25.043301
5,1,6,6,1,2,1,10,1,0,4,0,7,18.202499,31.3333
6,1,5,5,1,2,1,10,4,0,5,0,9,27.9804,35.376701
6,1,7,6,1,0,1,10,3,1,2,1,1,18.202499,21.633301
5,1,6,5,1,2,0,10,3,0,3,0,1,11.3138,26.385302
6,1,5,5,0,0,1,10,4,0,3,0,1,18.202499,36.0853
5,0,6,3,1,2,1,9,5,0,5,0,6,51.091702,27.82
4,0,5,2,1,2,1,9,5,0,3,0,7,44.570801,32.952
5,0,5,3,1,1,0,9,6,0,3,0,7,44.570801,35.982002
5,0,4,2,1,2,0,10,5,0,4,0,1,52.904202,21
5,0,5,3,1,3,0,9,5,1,5,1,9,39.133301,31.23
4,0,5,4,1,2,0,10,5,1,4,1,7,47.466702,21
5,0,6,2,1,1,1,9,5,0,5,0,7,40.008301,31.23
3,0,7,7,1,2,0,7,2,0,3,0,5,61.840302,19.462
2,0,7,8,1,2,0,8,2,0,5,0,4,44.501297,27.82
3,0,10,1,1,0,0,7,4,1,3,1,1,54.077499,21
3,0,4,3,1,0,0,6,2,0,3,0,5,46.3881,33.914001
7,0,7,5,1,0,1,5,4,1,3,1,2,43.022099,30.504
2,0,5,5,1,1,0,6,2,0,5,0,7,56.674999,29.161999
1,0,1,9,1,2,0,10,1,0,8,0,7,42.8997,24.6287
3,0,8,9,1,0,0,7,2,0,7,0,7,40.311199,48.348701
5,0,6,6,1,2,0,10,2,0,6,0,1,40.301201,19.462
2,0,7,9,0,0,0,6,2,0,7,0,1,35.908897,33.914001
2,0,9,9,1,1,0,10,1,1,8,1,3,28.342802,20.372
5,1,6,6,1,2,1,10,1,1,4,1,7,18.202499,26.385302
6,0,5,4,0,0,1,9,5,0,4,1,7,44.716702,11.3
4,0,5,3,1,3,1,9,4,0,5,0,9,37.619202,35.982002
6,0,5,4,0,0,1,9,6,0,4,0,7,50.154198,27.82
3,0,5,4,1,2,1,9,5,0,4,0,7,38.195801,38.153301
4,0,5,1,1,0,1,9,5,0,3,0,1,38.352798,31.23
3,0,6,3,1,2,1,9,6,1,4,1,7,39.133301,21
4,0,5,3,1,1,1,9,5,0,4,0,7,41.820801,21
2,0,5,5,1,2,0,7,2,1,5,0,7,47.399601,26.282001
3,0,5,5,1,0,0,10,2,0,5,0,7,33.158901,38.153301
3,0,6,6,1,2,0,9,1,0,6,0,7,49.8256,45.629997
3,0,6,9,1,0,1,6,1,0,6,0,7,17.259499,31.448702
2,0,5,8,1,2,1,10,1,1,6,1,9,38.126297,21.529999
3,0,5,5,1,1,0,6,2,0,6,0,7,48.644501,26.696699
3,0,3,4,1,0,0,5,2,0,3,0,1,68.091705,31.610001
1,0,4,6,1,3,0,9,1,0,2,0,1,60.456997,19.462
3,0,8,7,1,0,0,8,2,0,4,0,1,43.056698,30.918699
1,0,6,6,1,2,1,6,2,1,3,1,1,60.423599,25.751999
4,0,8,8,1,2,1,9,3,1,5,1,9,49.279202,32.572002
2,0,5,6,0,0,0,7,3,0,2,0,1,59.7584,24.41
2,0,8,8,0,0,0,8,3,0,6,0,2,54.140003,27.82
4,0,7,8,1,2,0,8,2,1,4,1,4,51.232998,29.161999
3,0,7,7,1,2,0,8,3,0,4,0,3,50.515003,18.119999
2,0,8,9,1,3,0,9,3,0,4,0,1,44.501297,19.462
7,0,7,7,0,2,0,8,2,0,4,0,4,48.532303,24.41
6,1,5,6,1,2,1,10,1,0,4,0,9,11.3138,36.0853
3,0,8,8,0,0,0,8,4,0,4,0,4,57.769501,8.4200001
5,1,8,7,1,0,1,10,1,0,4,0,7,11.3138,36.0853
5,1,5,5,1,2,1,10,3,0,3,0,1,11.3138,26.385302
6,1,7,6,1,2,1,10,1,0,3,0,7,11.3138,31.3333
5,1,5,6,1,0,1,10,4,0,3,0,1,18.202499,21.633301
5,1,5,6,0,0,1,10,4,0,3,0,1,11.3138,21.633301
2,0,8,7,1,2,0,6,5,0,4,0,9,57.707001,32.952
5,0,7,8,1,0,1,10,1,0,7,0,7,35.445801,28.453299
3,0,4,3,1,0,1,9,2,1,7,1,9,33.633301,53.238701
6,0,6,2,1,1,1,9,5,0,7,0,9,37.258301,39.771999
3,0,7,5,1,2,0,9,5,0,7,0,5,50.515003,27.82
3,0,8,6,1,4,0,9,3,0,5,0,5,47.764999,24.41
3,0,4,3,1,2,1,9,7,0,4,0,7,52.904202,34.639999
6,0,7,4,1,2,1,9,5,0,3,0,3,38.195801,21
5,0,6,5,0,0,1,9,5,0,4,1,7,41.966702,21
1,0,2,2,0,0,0,9,6,0,3,0,2,21.5728,14.71
2,0,9,6,1,1,1,10,9,1,6,1,3,40.876301,18.119999
1,0,10,6,1,4,1,10,8,1,6,1,3,47.764999,11.3
1,0,8,6,1,5,1,10,8,0,8,0,2,49.938801,27.82
1,0,3,3,1,3,1,9,2,0,4,0,2,15.299999,25.751999
2,0,8,6,0,0,1,10,8,0,4,1,5,40.876301,18.119999
8,0,3,3,1,2,1,8,8,1,5,1,1,43.626301,21.529999
8,0,8,8,1,3,1,10,8,1,5,1,1,45.009499,11.3
4,0,10,8,0,0,1,9,9,0,5,0,5,42.259499,11.3
8,0,8,3,0,0,1,10,8,0,5,0,6,36.313801,11.3
7,0,10,3,0,0,1,10,3,0,6,0,9,36.313801,38.153301
3,0,8,8,1,3,1,8,8,0,4,0,1,41.648998,11.3
3,0,8,7,1,3,1,10,8,0,5,0,5,39.063702,27.82
8,0,6,6,1,3,1,8,8,0,5,0,3,39.063702,8.4200001
3,0,10,5,0,0,1,10,8,0,5,1,8,42.259499,11.3
7,0,8,8,1,2,1,8,1,0,4,0,1,18.049999,28.73
8,0,7,8,1,3,1,8,8,0,4,0,3,18.049999,40.681999
7,1,4,3,1,4,1,7,8,0,8,0,1,53.724998,5.0099998
2,0,6,7,1,3,0,4,1,0,5,0,5,35.441299,21
1,0,3,7,1,3,0,3,1,0,5,0,4,10.8,34.743301
10,0,10,5,1,3,0,10,9,0,5,0,1,44.466702,19.462
7,0,7,7,1,4,0,6,6,0,6,0,1,72.224899,49.143299
7,0,7,6,0,2,0,7,6,0,7,0,1,72.224899,59.476696
8,0,6,10,1,2,0,10,1,0,4,0,5,18.666,31.3333
7,0,3,4,1,7,0,7,8,0,6,0,1,39.5448,1.6
7,0,7,7,1,6,0,7,7,0,7,0,7,65.341698,49.828701
8,1,8,9,0,0,0,10,1,1,3,0,1,15.299999,28.8333
9,1,6,7,1,0,0,9,5,0,7,0,1,42.1381,14.71
8,0,8,8,1,4,1,8,8,1,4,1,5,22.188801,35.982002
8,0,8,5,1,4,1,8,8,0,4,0,1,24.9387,21.529999
8,0,8,8,1,3,1,8,1,0,4,0,3,24.9387,27.623999
9,0,9,8,0,0,1,10,10,0,4,0,3,13.385201,36.033298
4,0,8,4,1,1,0,8,6,0,1,0,1,45.445801,40.785301
7,0,7,4,1,4,1,10,2,1,8,1,1,45.9179,46.972
8,0,7,7,0,0,1,8,9,0,6,1,5,55.737503,18.5
8,0,10,10,0,0,1,10,4,0,7,0,9,22.188801,31.551998
6,0,8,8,1,3,1,9,10,1,8,1,5,33.633301,25.32
3,0,8,6,1,1,1,10,8,1,5,1,5,40.876301,18.119999
1,0,3,3,0,0,1,7,7,0,4,1,4,24.2096,18.119999
6,0,4,1,1,4,0,10,1,1,1,1,1,7.1750002,31.3333
3,1,5,5,1,3,1,10,6,1,2,1,3,48.494198,22.872
2,1,5,7,1,3,1,8,6,0,3,0,5,30.522099,26.282001
3,0,4,5,1,3,1,10,8,0,1,0,5,18.049999,25.043301
1,0,3,3,1,6,0,8,5,0,3,0,3,27.688801,25.573301
2,0,3,3,0,0,1,9,2,1,5,1,9,33.4804,25.573301
2,0,2,3,1,6,0,8,9,0,3,0,4,34.577499,25.573301
8,0,3,3,0,5,1,9,8,0,5,0,1,18.049999,16.052
1,0,2,2,0,0,0,8,8,0,3,0,4,25.514999,18.119999
5,1,8,8,1,3,1,8,8,0,5,0,5,39.063702,11.3
10,1,7,8,1,2,1,7,5,1,2,1,5,21.781101,32.52
7,1,5,7,1,2,1,6,8,0,1,0,2,19.399,35.02
2,0,5,4,1,2,1,8,6,0,2,0,5,41.6054,35.376701
1,0,5,5,1,2,1,8,7,0,3,0,5,30.522099,14.71
2,0,5,6,1,3,1,8,6,0,1,0,3,49.938801,14.71
8,1,6,5,0,3,0,8,3,1,1,0,5,31.098301,26.662001
8,1,6,5,1,3,1,10,5,0,1,0,1,40.628098,11.3
8,1,8,6,0,1,0,7,4,0,1,0,5,18.626299,33.862
8,1,7,9,0,3,0,9,2,1,1,0,1,20.301899,8.4200001
1,0,10,1,1,1,1,10,8,1,1,1,1,15.480401,32.572002
1,0,1,1,0,0,1,10,5,0,1,0,1,45.045502,56.239998
1,0,1,1,1,0,1,10,6,0,1,0,1,45.207001,23.782
1,0,1,1,1,0,0,10,7,0,1,0,1,48.674999,43.181999
1,0,1,1,1,5,1,10,6,0,8,0,5,48.674999,32.243301
1,0,1,1,1,5,1,10,5,0,1,0,5,48.674999,38.153301
1,0,5,1,1,1,0,7,1,0,1,0,1,10.6978,27.82
10,0,5,3,0,0,0,10,6,0,5,0,9,17.4298,29.795301
7,0,5,1,1,3,1,10,6,0,5,0,9,28.049999,35.653297
2,0,8,8,1,2,0,9,1,1,5,1,7,32.753799,23.252001
7,1,6,7,0,3,0,10,3,0,1,0,1,46.070202,14.71
3,0,7,8,1,1,0,9,3,1,4,1,3,51.232998,28.200001
7,0,8,8,1,2,1,9,8,0,7,0,1,20.070801,27.82
3,0,2,8,1,0,0,10,2,1,2,1,1,31.043602,18.5
10,0,10,10,0,1,1,8,6,0,4,0,2,20.945799,28.200001
8,0,7,7,0,0,1,7,5,0,5,0,6,20.945799,25.751999
8,0,8,8,0,0,0,10,7,1,6,1,1,28.093601,21
3,0,3,3,1,1,1,8,4,1,3,1,7,50.457001,24.213999
3,0,3,4,1,2,1,8,5,1,3,0,7,53.206997,20.804001
3,0,3,3,1,2,1,8,2,1,3,0,7,53.206997,30.504
3,0,3,3,1,2,1,9,3,1,3,0,7,57.212196,30.504
7,0,8,7,1,3,0,10,2,0,2,0,1,43.0019,31.610001
3,0,7,5,1,0,0,10,3,0,4,0,5,54.085304,31.23
3,0,9,8,1,0,0,9,1,0,4,1,1,34.096397,27.82
5,0,5,6,1,0,0,9,7,1,5,1,5,24.2096,25.751999
8,0,9,9,1,2,1,9,1,0,8,0,9,27.4667,24.41
8,0,8,8,1,2,1,10,4,1,6,1,4,36.5728,11.3
8,0,10,8,1,2,1,8,4,0,6,0,7,22.9042,14.71
3,0,3,3,1,2,1,7,2,1,3,0,7,43.489399,29.161999
3,0,9,7,1,0,0,10,2,0,3,0,5,37.418602,32.572002
1,0,10,3,1,5,1,10,8,1,5,1,2,42.2929,21.633301
8,0,9,6,1,1,1,10,8,0,5,0,1,41.912498,8.4200001
1,0,8,6,1,2,0,9,5,0,2,0,1,27.688801,19.992001
5,0,10,3,1,3,1,9,8,0,5,0,5,50.095497,11.9333
5,0,5,5,1,1,0,6,8,0,2,0,1,18.3048,26.385302
8,0,7,8,0,0,0,10,8,0,5,0,1,13.4875,16.052
9,0,6,4,0,0,0,10,6,0,5,0,9,26.7948,42.9053
4,0,3,4,1,2,1,8,2,1,3,0,7,53.206997,40.204002
8,0,4,4,1,0,1,9,4,1,3,1,7,50.994198,37.703999
3,0,3,4,1,0,1,7,3,1,2,1,7,53.744202,30.504
6,0,6,6,1,3,0,6,1,0,6,0,7,43.056698,30.504
5,0,6,6,0,0,0,6,2,0,6,0,2,36.1679,29.161999
7,0,6,6,1,2,0,5,1,1,5,1,6,19.5012,39.771999
8,0,8,7,0,0,0,9,1,0,7,0,1,45.438801,26.662001
7,1,8,8,1,0,0,8,2,0,7,0,1,51.711498,46.972
8,1,8,4,0,0,0,8,1,0,8,0,1,30.989399,24.6287
6,0,6,6,1,3,1,7,6,0,4,0,1,40.160797,34.743301
7,0,7,6,0,6,1,9,4,0,5,0,5,42.9478,36.9953
6,0,3,4,1,0,0,9,9,0,8,0,1,60.514999,34.115299
3,0,8,4,1,2,0,9,9,1,1,1,1,52.688801,8.8000002
1,0,5,1,1,0,0,10,1,0,1,0,9,23.639999,40.93
8,0,8,8,1,2,1,10,4,0,8,0,6,30.678801,34.743301
8,0,8,8,0,0,1,10,8,0,8,1,9,29.878199,37.323997
8,1,8,8,0,3,1,10,7,0,8,0,9,22.188801,34.743301
8,0,10,9,1,1,0,10,6,0,10,0,9,11.3138,24.41
9,0,9,4,1,0,1,9,1,1,5,1,9,22.260199,39.4953
8,0,8,8,1,1,0,10,6,0,6,0,9,8.9875002,34.743301
1,0,5,5,1,0,0,10,1,1,3,1,3,13.1263,21
1,0,5,3,1,0,0,10,1,1,1,0,3,16.751299,21
1,0,1,3,1,1,1,10,1,1,5,1,5,16.9125,21
1,0,1,1,0,0,0,10,1,0,1,0,5,18.466,21
9,0,4,1,1,1,1,10,1,1,2,0,7,16.9125,21.633301
10,0,5,9,1,3,1,10,1,0,3,0,1,12.9695,25.043301
10,0,5,1,0,0,1,10,1,0,3,0,7,9.7602997,21.633301
1,0,1,2,1,0,0,10,1,0,1,0,1,30.737501,30.504
1,0,1,1,1,2,0,10,1,0,1,0,1,30.737501,21
1,0,1,3,0,0,0,10,1,0,1,0,6,30.737501,21
1,0,1,3,1,0,1,10,1,1,1,1,5,27.112499,21
1,0,4,5,0,0,1,10,1,0,5,0,9,15.876301,41.8853
1,0,1,1,0,5,1,10,5,1,3,0,2,17.2929,21.633301
5,1,6,6,0,3,1,10,1,1,2,0,1,19.6471,26.385302
5,1,6,6,0,0,1,10,3,1,5,1,1,11.3138,36.0853
5,0,6,5,1,0,1,9,5,1,6,1,9,33.633301,34.743301
4,0,5,2,1,0,1,10,3,0,2,0,7,44.570801,31.23
3,0,6,5,0,0,0,7,2,0,5,0,1,56.674999,26.662001
4,0,5,6,1,0,1,10,1,0,5,0,5,19.6471,26.385302
5,0,6,5,1,3,1,9,2,1,5,1,7,47.466702,18.5
5,0,5,3,1,1,1,10,3,0,4,0,1,46.529202,24.940001
6,1,8,8,0,0,0,10,1,1,2,1,1,14.8365,26.385302
2,0,7,5,1,2,0,8,6,0,5,0,3,37.3535,11.3
3,0,8,5,1,1,0,8,6,0,5,0,1,56.674999,24.41
4,0,8,6,1,1,0,8,4,0,4,0,2,43.626301,32.572002
3,0,5,5,1,1,0,8,4,0,5,0,1,53.206997,29.161999
3,0,8,7,1,7,1,10,7,0,7,0,1,18.666,18.5
3,0,5,7,1,1,1,10,9,0,7,0,5,29.077499,18.5
4,0,7,5,1,4,1,9,9,0,7,0,4,32.707001,18.5
1,0,5,1,0,0,1,10,1,0,5,1,7,16.649,31.3333
10,0,4,1,1,4,1,10,1,0,5,0,9,19.364401,34.743301
1,0,1,1,1,3,1,10,1,0,7,0,8,16.751299,21
1,0,1,1,1,0,1,10,1,1,7,1,9,6.2375002,21
3,0,9,3,1,6,1,10,7,0,6,0,1,23.633299,28.8333
5,1,5,3,0,0,1,10,9,0,6,0,5,37.410797,25.953299
5,1,5,5,1,8,0,9,9,1,6,0,1,52.841698,30.072001
10,1,7,8,1,0,1,10,1,0,5,0,9,37.410797,38.533298
7,1,9,6,1,0,0,10,8,1,7,1,5,26.233,31.137299
7,1,7,6,1,4,0,8,1,0,6,0,2,24.841,18.119999
6,1,6,6,1,0,0,9,3,0,8,0,1,19.133299,18.119999
7,1,7,7,1,0,0,9,8,0,8,0,5,33.487499,21.633301
8,1,5,5,1,0,0,10,5,0,6,0,1,29.862499,18.119999
7,1,9,7,1,3,1,10,6,1,8,1,9,20.301899,18.119999
10,0,8,6,1,3,1,9,10,0,8,0,2,15.299999,21.633301
5,1,6,4,1,3,1,7,9,1,5,1,1,26.5292,35.02
6,1,8,4,1,4,1,9,9,0,8,0,9,16.751299,36.9953
5,0,5,6,1,5,1,9,5,1,6,1,5,8.9875002,18.119999
2,1,6,6,1,2,0,5,1,0,5,0,3,33.487499,36.033298
2,0,7,6,1,3,0,7,3,0,3,0,4,21.2115,31.3333
4,1,7,6,1,1,0,10,10,0,6,0,5,19.5012,21
10,0,10,10,1,6,1,10,1,1,8,1,7,25.975,26.385302
9,0,10,10,1,5,1,8,10,0,7,0,1,9.8624992,50.485302
10,1,10,7,1,3,1,10,10,0,5,0,5,44.508301,9.7620001
3,0,9,5,1,1,0,9,6,0,4,0,5,4.4250002,11.3
5,1,8,5,0,0,1,10,6,0,7,1,4,18.725,31.137299
10,0,10,7,0,0,1,10,1,0,8,0,5,4.4250002,11.9333
8,0,8,3,1,3,0,9,9,0,6,0,1,31.966702,36.033298
9,0,9,6,1,5,1,9,9,0,8,0,4,31.966702,34
9,0,9,5,1,3,1,10,9,0,8,0,5,23.633299,28.8333
5,0,10,9,1,8,0,10,2,0,6,0,1,23.633299,28.8333
3,0,8,3,0,3,0,8,9,0,7,0,1,38.8554,28.8333
2,0,8,3,1,2,0,7,1,0,6,0,3,19.5012,40.186699
9,0,10,5,1,0,1,10,9,0,8,0,9,13.385201,31.3333
7,0,8,2,1,1,1,9,3,1,3,1,5,19.794399,11.83
7,0,7,7,1,2,1,9,3,0,6,0,2,38.8554,39.443298
6,0,8,6,1,2,0,9,7,0,2,0,1,41.6054,22.543301
2,0,8,3,0,0,1,10,2,0,1,1,5,28.348299,24.940001
4,1,7,4,0,3,1,8,2,0,1,0,1,45.6833,11.9333
8,0,8,2,1,2,1,9,1,0,1,0,1,24.9387,38.43
8,0,8,8,0,0,0,8,1,0,4,0,3,31.827501,45.353298
8,0,8,5,1,4,0,8,1,0,4,0,2,18.049999,27.623999
8,0,8,2,0,0,1,9,1,0,4,0,5,27.688801,35.982002
8,0,8,5,1,1,0,8,1,1,1,0,1,20.800001,35.02
8,0,7,8,0,0,1,10,7,0,6,0,5,49.938801,18.119999
8,1,6,5,0,0,0,9,6,0,8,1,9,6.2375002,40.025299
7,1,8,5,1,0,0,1,4,0,5,0,2,24.9387,18.119999
6,1,8,7,1,3,0,9,8,0,3,0,5,31.827501,32.139999
6,0,9,5,1,4,1,9,1,0,4,0,5,24.9387,11.3
3,0,7,5,1,2,1,9,5,0,6,0,5,34.253201,18.119999
9,0,8,5,1,0,0,9,1,0,4,0,3,31.361801,22.872
8,0,7,5,0,0,1,8,8,0,4,0,3,18.049999,11.83
8,0,8,8,0,0,1,9,1,0,5,0,5,44.508301,18.7533
1,1,10,4,1,2,1,10,2,1,2,0,9,36.940701,42.576702
8,0,8,8,1,1,1,8,1,0,4,0,1,18.049999,29.161999
8,0,8,8,1,1,1,8,1,1,4,0,1,31.827501,25.32
8,1,6,8,1,1,1,10,6,0,5,0,1,25.6542,14.71
8,1,8,7,0,0,1,9,6,1,2,0,1,41.6054,15.3433
2,0,7,8,1,7,1,9,7,1,1,1,1,39.836498,15.24
6,0,7,5,1,3,1,10,4,0,2,0,5,56.772701,8.4200001
6,0,10,6,1,2,0,10,1,1,7,1,9,30.737501,36.0853
1,1,8,4,1,2,0,10,5,0,3,0,1,30.737501,15.3433
1,0,10,5,1,1,0,10,1,1,7,1,9,30.737501,21.633301
6,0,5,7,0,0,0,9,9,0,6,1,9,24.2096,18.5
6,0,6,7,1,1,0,5,8,0,3,0,9,26.390001,14.71
9,1,10,9,1,5,1,10,2,1,4,1,2,16.032999,21.633301
7,1,9,10,0,4,1,10,10,1,5,0,9,22.345499,8.4200001
10,0,10,10,1,2,1,10,9,0,8,1,9,13.385201,38.153301
5,0,1,5,1,0,1,4,4,0,7,1,3,12.612499,31.3333
1,0,5,5,0,0,0,9,5,0,4,0,2,29.139999,21
1,0,7,6,1,1,0,9,9,0,3,0,1,24.9387,31.3333
1,0,7,6,0,0,0,7,1,0,2,0,1,52.688801,11.3
8,1,8,7,0,0,0,9,6,0,7,0,2,22.8673,27.82
8,1,8,6,1,2,0,9,7,0,6,0,1,18.195801,18.119999
5,1,8,8,1,0,0,10,1,1,8,1,1,14.9388,18.119999
5,0,4,4,1,4,0,8,9,0,6,0,1,55.595501,11.3
6,0,2,3,1,6,0,5,7,0,4,0,1,63.744198,14.71
9,0,4,3,1,5,1,7,7,0,7,0,1,59.6054,9.7620001
8,0,4,3,1,3,0,8,7,0,7,0,1,50.095497,14.71
5,1,1,1,1,4,1,10,1,0,2,0,1,15.299999,28.453299
9,0,6,8,1,0,0,10,1,0,1,0,2,23.633299,11.3
3,0,9,10,1,4,0,10,1,0,1,0,5,18.049999,32.952
8,0,9,10,1,1,1,9,1,0,3,0,5,20.376299,18.7533
8,0,10,10,0,0,0,4,1,0,6,0,8,26.3554,31.137299
7,0,9,6,1,4,0,6,4,0,5,0,1,20.945799,18.119999
10,0,8,8,0,0,1,10,1,0,4,0,1,8.9875002,35.400002
7,0,6,5,0,0,0,8,7,0,4,0,9,13.1263,31.3333
5,0,9,4,1,2,0,10,6,0,2,0,7,19.9603,40.837299
8,1,8,5,1,3,0,8,2,0,5,0,5,22.9042,13.172001
9,0,6,5,1,3,0,7,8,0,6,0,1,28.924999,30.700001
6,0,7,7,1,2,0,7,7,0,7,0,5,63.924999,26.385302
7,0,7,6,0,0,0,7,8,1,7,0,1,74.974899,25.043301
7,0,7,6,0,0,0,7,7,0,6,1,1,74.974899,34.91
8,0,6,3,1,4,1,8,8,0,7,0,5,32.628201,21
7,1,6,5,1,2,0,7,6,1,4,1,1,42.406101,11.3
6,1,6,6,1,1,1,10,3,0,3,0,1,18.202499,28.8333
1,1,5,4,1,3,1,10,3,0,4,0,9,29.433302,34.547298
5,1,5,7,1,0,1,10,2,1,6,1,9,18.147799,21.633301
5,0,7,7,0,0,1,5,3,0,3,0,1,61.174999,30.072001
1,0,7,7,0,0,1,7,2,0,5,0,3,65.341698,26.662001
1,0,8,9,1,2,1,7,3,1,4,1,5,59.044804,36.362
2,1,8,5,1,0,1,9,2,1,2,1,5,18.626299,33.914001
3,1,9,5,1,2,1,10,2,0,2,0,5,22.9042,32.952
8,1,9,5,1,2,1,9,2,1,2,1,9,31.770199,38.862
1,0,8,9,1,3,1,8,8,1,5,1,9,58.244198,16.052
1,0,7,7,1,0,1,9,1,1,4,1,3,58.244198,24.41
1,0,9,8,1,0,1,9,2,0,5,0,5,50.554802,36.9953
3,0,9,10,1,0,1,7,4,0,5,0,3,57.008396,25.32
3,1,9,4,1,0,0,9,3,1,4,1,9,38.9179,19.462
1,1,8,5,1,0,1,9,1,0,4,0,9,42.016701,47.023998
7,1,9,4,1,0,1,10,1,0,2,0,1,38.9179,62.524002
3,1,8,4,0,0,0,9,1,0,3,0,1,41.6679,47.2253
5,0,6,3,0,0,0,9,3,0,4,0,1,44.570801,18.7533
5,0,6,3,0,0,1,8,3,0,5,0,9,38.195801,34.639999
5,0,6,3,0,0,0,8,3,0,3,0,1,49.279202,34.639999
5,0,6,3,1,3,1,9,5,1,5,1,9,47.466702,28.453299
7,0,8,9,0,0,1,9,3,0,6,1,9,45.744198,18.119999
8,0,8,9,1,2,1,9,2,0,5,0,9,54.077499,21.91
1,0,8,8,0,0,1,8,3,0,4,0,1,57.008396,26.662001
6,1,7,6,1,0,1,9,2,1,6,1,9,11.3138,21.633301
1,0,7,7,1,3,1,8,2,1,5,1,5,54.077499,36.362
1,0,7,8,1,3,1,6,3,0,4,0,3,57.090996,30.072001
1,0,7,7,1,3,1,7,4,1,7,1,5,47.188698,21.91
5,0,6,4,1,3,0,10,5,0,2,0,2,53.841698,27.82
5,0,6,3,1,2,1,9,4,1,5,1,9,47.466702,38.153301
5,0,6,3,1,2,0,8,6,0,5,0,7,40.008301,31.23
6,0,6,3,1,3,0,9,4,1,4,1,7,44.716702,18.119999
5,0,6,3,1,1,0,8,3,0,4,0,7,33.487499,18.119999
3,0,6,4,1,0,0,9,4,1,4,1,2,39.133301,31.23
4,0,5,3,0,0,0,9,5,1,3,1,3,40.945801,21
1,0,8,9,1,0,1,10,3,0,4,0,1,61.174999,36.776699
1,0,8,7,1,2,1,9,3,0,3,1,5,45.744198,19.462
2,0,8,8,1,2,1,4,3,0,4,0,1,57.008396,18.119999
1,0,8,8,1,2,1,8,2,0,4,0,5,38.8554,29.161999
1,0,9,9,1,2,0,10,1,0,5,0,7,52.112503,21.334
3,0,8,6,1,2,0,9,2,0,5,0,4,63.5583,32.986702
2,0,7,6,1,0,1,8,4,0,2,0,5,58.244198,21
5,1,5,6,0,0,1,10,1,0,4,0,9,18.202499,21.633301
5,1,8,6,1,3,1,9,1,1,5,1,3,11.3138,28.8333
6,0,6,6,1,0,1,10,1,0,4,0,5,4.4250002,39.166702
6,0,6,7,1,3,0,10,1,1,4,1,5,25.299999,21.633301
6,1,7,6,0,0,0,10,4,0,5,0,1,18.202499,29.795301
6,1,6,5,0,1,0,10,3,0,4,0,1,11.3138,28.8333
5,1,6,6,0,0,0,10,1,0,3,0,4,25.299999,31.137299
2,0,6,7,1,0,0,7,3,0,3,0,1,42.988701,38.862
1,0,9,9,1,2,0,10,1,1,6,1,7,41.820801,31.414
1,0,6,10,1,2,0,10,1,0,6,0,7,36.065701,19.462
1,0,5,5,1,2,1,6,2,0,4,0,5,38.082703,28.200001
1,0,6,7,1,2,0,10,1,0,6,0,1,28.348299,35.982002
1,0,6,9,0,0,0,6,1,0,5,1,9,38.126297,16.582001
1,0,5,5,1,1,0,10,2,0,6,0,1,26.270199,36.200699
8,1,9,3,1,3,0,10,2,0,3,0,5,29.858,29.161999
8,1,8,5,1,0,1,9,2,1,2,1,8,24.7708,6.3519998
8,0,8,3,1,3,1,9,4,1,2,1,1,60.358002,56.706703
3,0,7,8,1,1,1,9,1,0,2,0,2,34.668602,41.310001
8,1,3,7,1,0,0,10,1,1,2,1,1,31.043602,40.204002
8,1,8,5,1,2,0,10,2,1,3,1,5,28.2103,32.572002
2,1,9,4,1,0,0,9,2,0,3,1,5,43.564899,30.700001
4,0,6,5,0,0,0,9,5,0,3,0,1,41.820801,34.639999
5,0,6,3,1,2,1,9,6,1,6,1,9,50.216698,11.3
5,0,5,3,1,3,0,7,4,0,4,0,8,46.529202,48.486702
7,1,6,8,1,0,1,10,2,1,4,1,2,20.952501,38.533298
7,1,6,6,0,0,1,10,2,0,5,0,1,25.1192,36.0853
6,1,6,6,1,2,1,10,3,1,6,1,9,14.8365,21.633301
3,1,7,5,1,3,1,9,7,1,6,1,5,40.160797,42.576702
8,0,3,1,1,4,1,10,5,0,4,0,5,44.716702,36.0853
2,0,4,3,0,2,0,9,4,0,5,1,2,58.238697,24.41
10,1,8,10,1,4,0,1,2,1,6,1,5,20.952501,1.6
9,0,8,7,1,2,1,10,1,0,8,0,9,15.299999,43.285301
5,0,5,5,0,0,0,5,4,0,5,0,5,28.709599,38.43
7,0,6,6,0,0,0,5,1,0,5,0,9,20.1173,49.690701
7,1,8,8,0,1,0,6,2,0,2,0,1,40.198902,5.0099998
7,0,5,6,0,0,0,5,6,0,5,0,3,40.306698,35.982002
5,0,5,8,0,0,0,6,5,0,5,0,9,16.751299,44.938702
3,0,3,5,1,2,0,10,8,0,5,0,5,52.841698,16.582001
10,1,8,10,1,2,0,6,5,0,3,0,6,22.764999,21.334
10,1,6,7,0,3,0,6,2,0,2,0,3,11.7375,15.24
1,0,5,5,1,4,0,10,7,0,5,0,1,16.1243,41.666702
10,1,7,8,1,3,0,1,3,0,4,0,7,36.237499,5.0099998
5,0,6,4,0,3,1,10,8,0,5,0,9,41.6054,31.863298
1,0,4,4,1,2,0,9,7,0,1,0,1,56.772701,32.243301
2,0,4,5,1,1,1,8,7,0,3,0,5,52.841698,36.0853
2,1,5,5,1,2,1,9,6,0,2,0,1,55.591702,35.02
3,0,1,1,0,1,0,10,1,0,4,1,3,28.049999,22.872
1,0,6,1,1,4,1,10,5,0,5,0,4,4.4250002,38.153301
2,0,6,5,1,4,1,9,8,1,3,0,5,31.132599,31.3333
10,1,10,10,1,3,0,10,3,0,3,0,7,31.215998,30.290699
5,0,6,4,1,3,0,1,5,1,1,1,3,18.147799,36.0853
10,1,6,5,0,4,0,7,7,1,4,0,6,23.024,21.529999
10,1,10,10,1,3,1,6,3,1,3,1,9,19.399,27.2953
9,1,7,9,1,3,1,7,3,1,5,1,9,19.399,11.3
7,0,9,6,1,0,0,10,10,1,6,1,5,17.4298,38.153301
10,1,6,10,1,1,1,8,10,0,1,0,3,24.9387,1.6
10,1,8,10,0,3,0,9,10,1,1,0,1,30.438799,14.71
5,0,6,6,1,2,0,10,5,0,1,0,5,20.952501,46.3153
8,1,7,7,0,3,1,9,8,0,2,0,1,37.438801,35.400002
10,1,8,10,1,1,1,6,7,1,5,1,9,13.1263,26.696699
4,0,7,4,0,0,0,10,7,0,3,0,3,45.8978,36.5
10,1,7,9,1,3,1,9,3,0,2,0,6,8.9875002,25.751999
6,0,7,3,1,3,0,10,8,1,4,1,5,28.049999,58.370697
5,1,5,5,1,2,1,9,9,1,1,1,1,43.628799,32.876701
10,0,8,9,0,0,1,10,1,0,3,0,5,31.973299,30.072001
7,0,7,6,1,0,1,10,7,0,5,0,5,28.4615,18.119999
7,0,7,6,0,4,1,10,7,0,4,0,5,28.4615,18.119999
1,0,1,1,1,3,1,10,5,0,1,0,1,38,25.32
10,1,6,8,1,1,0,10,10,0,5,0,5,25.299999,44.247299
8,0,6,1,1,3,1,10,10,0,1,0,5,18.147799,15.3433
8,0,10,7,1,3,1,10,5,1,6,1,5,14.063799,34.743301
7,0,8,5,1,5,1,10,8,0,3,0,1,4.4250002,36.0853
1,0,8,2,1,3,0,10,5,0,5,0,9,14.063799,54.5807
1,0,5,1,1,2,0,10,1,0,4,0,9,4.4250002,41.251999
1,0,6,3,0,0,0,10,5,1,5,1,3,11.3138,34.743301
8,0,8,5,1,0,0,9,2,1,2,1,2,44.242298,38.118698
9,0,8,3,0,0,0,9,2,0,2,0,1,38.550003,33.366699
8,1,8,5,1,2,0,9,1,0,3,0,5,37.612499,33.366699
6,0,4,4,1,3,0,10,2,0,5,0,5,33.272099,43.596699
6,0,3,4,1,3,0,10,2,1,3,1,3,26.426899,54.310001
5,0,6,5,1,2,0,7,7,1,5,1,6,23.024,22.872
6,0,5,6,1,1,0,5,4,0,6,0,1,24.468599,49.419998
3,0,4,4,1,3,0,7,9,0,7,0,5,47.188698,30.4867
3,0,4,5,1,2,0,8,10,0,6,0,1,53.304798,52.881996
4,0,7,5,1,1,0,9,9,1,4,1,5,47.188698,41.310001
4,0,4,4,1,1,0,9,10,0,4,0,5,47.188698,44.938702
9,1,8,9,1,2,0,9,1,0,3,0,1,44.501297,19.030001
8,0,7,1,1,2,0,9,2,0,1,0,1,37.579102,30.866701
7,0,7,7,1,0,0,8,2,0,1,0,5,46.313801,16.4667
8,1,8,7,1,0,0,9,1,0,2,0,3,44.501297,28.200001
8,1,8,5,1,1,0,9,3,0,8,0,3,44.501297,37.323997
5,0,6,4,1,0,0,10,2,0,2,0,1,38.239399,32.572002
5,0,3,6,1,0,1,10,5,0,3,0,5,43.8228,36.396702
6,0,4,6,1,0,1,10,3,0,2,0,1,38.239399,26.282001
6,0,3,5,1,0,1,10,2,0,4,0,5,41.6054,18.119999
5,0,4,5,1,2,1,10,4,1,2,1,1,27.9804,45.733299
3,0,4,3,1,2,0,9,10,0,6,0,3,55.438797,11.104
7,0,6,10,1,0,1,9,8,0,5,0,3,48.023998,29.109999
7,0,8,3,0,0,1,9,5,0,7,1,9,41.966702,41.943298
4,0,5,3,1,2,1,9,7,0,6,0,7,35.445801,31.3333
2,0,7,8,1,2,1,10,9,1,5,1,9,13.1263,38.234001
1,0,1,3,0,0,1,10,8,0,6,0,9,29.623699,38.43
7,0,5,5,0,0,0,9,9,1,5,1,5,34.723301,29.109999
3,0,6,6,1,0,0,7,7,0,6,0,5,50.515003,39.771999
5,0,5,5,1,2,0,5,1,1,2,1,9,34.029202,6.7666998
3,1,7,7,1,2,0,7,3,0,7,0,9,44.398998,32.572002
2,0,2,8,0,2,0,7,2,0,3,0,1,48.7304,37.323997
5,0,7,7,1,0,0,7,3,1,6,1,7,47.148998,42.271999
4,0,6,6,1,0,0,7,3,0,6,0,1,50.876301,32.572002
3,0,7,7,1,0,0,7,3,1,6,1,1,50.515003,27.82
2,0,3,2,1,0,0,6,4,0,3,0,1,69.854698,42.686699
2,1,2,5,0,0,0,6,5,0,1,0,1,61.022102,41.148701
7,1,3,8,1,1,0,9,4,0,2,0,5,52.039402,49.690701
8,1,7,8,1,2,0,7,3,0,1,0,1,25.7785,11.3
8,1,8,7,1,0,0,9,3,0,8,0,1,50.938805,48.348701
3,0,8,5,1,0,0,9,10,1,6,1,1,53.304798,18.7533
7,1,3,2,1,3,0,5,3,0,2,0,1,35.3727,1.6
6,1,7,7,1,2,0,9,4,0,9,0,3,46.376301,36.362
6,0,7,7,1,3,1,9,4,0,5,0,5,56.211502,26.282001
7,1,8,7,0,0,0,9,3,0,8,0,3,47.148998,43.562
5,0,5,5,1,2,0,5,1,0,2,1,5,34.029202,18.119999
5,0,4,5,1,2,0,5,1,0,3,0,5,23.829199,18.119999
4,0,5,5,1,3,1,9,6,1,4,1,1,51.029198,40.681999
3,0,7,5,0,0,1,9,8,0,5,0,4,40.106098,36.9953
7,1,6,5,1,3,1,10,6,1,3,1,3,43.158901,22.543301
1,0,5,3,1,0,0,10,5,0,3,0,1,23.2721,45.076702
4,0,5,4,1,0,0,10,10,0,3,0,2,31.346399,41.943298
3,1,3,5,1,4,1,9,7,0,3,0,1,41.675003,23.8853
1,1,3,5,0,2,0,9,6,0,1,0,1,54.873699,32.243301
10,0,5,1,1,0,1,10,5,1,4,1,7,36.383301,34.743301
6,0,3,8,1,0,1,10,1,1,5,1,9,11.3138,26.385302
3,0,4,7,1,2,1,2,1,1,2,0,1,25.299999,21.633301
3,1,4,8,1,2,1,2,1,1,2,0,4,11.3138,36.0853
3,0,3,2,1,2,1,10,5,0,3,0,7,41.820801,28.73
4,0,5,2,1,2,1,10,5,0,4,0,1,41.6679,21
3,0,4,7,0,2,0,10,1,1,3,0,1,34.869202,40.837299
4,1,4,8,1,2,1,10,1,1,5,1,9,11.3138,36.7187
8,1,6,6,0,2,1,8,1,0,1,1,7,29.949701,26.282001
4,0,4,2,1,1,1,10,7,1,4,1,3,30.799999,21
8,1,7,7,1,0,0,9,1,1,4,1,1,48.482998,26.662001
8,1,9,9,1,2,1,10,1,1,8,1,9,11.3138,40.1287
2,0,3,2,0,0,0,9,5,0,5,0,1,52.904202,31.3333
9,0,9,9,0,0,0,10,1,1,6,0,1,64.862503,46.810703
6,1,7,7,0,0,1,9,7,0,6,0,9,37.410797,26.385302
8,0,5,4,1,2,0,10,7,0,3,0,3,40.160797,37.323997
10,1,8,8,1,4,1,9,10,0,2,0,1,31.211502,18.5
10,1,9,7,1,0,1,8,10,1,3,1,4,15.876301,11.3
8,0,8,9,1,2,1,9,9,0,2,0,3,31.821999,39.392002
1,0,1,2,1,2,1,10,1,0,1,0,6,32.617302,41.943298
1,0,10,8,1,2,1,10,1,0,1,0,5,18.195801,38.43
1,0,8,8,0,0,1,10,1,0,1,0,5,38.054802,41.033302
1,0,10,10,1,3,1,10,1,0,1,0,7,41.577499,36.0853
6,0,1,8,1,4,1,10,1,0,1,0,1,38.054802,25.043301
1,0,1,1,0,0,1,10,1,0,1,0,1,22.362501,31.3333
7,0,10,10,1,3,1,10,1,1,1,1,3,25.0846,34.743301
7,0,10,8,0,0,1,10,1,0,1,1,5,34.688698,31.3333
1,0,10,9,1,0,1,10,1,0,1,0,1,22.362501,16.685299
1,0,10,8,1,0,1,10,1,0,1,0,1,26.9993,34.743301
1,0,1,8,1,3,1,10,8,1,4,1,3,28.7442,39.771999
5,0,7,7,0,0,0,9,8,0,5,1,1,21.827499,21.91
7,1,7,7,1,2,1,9,9,0,5,0,1,35.295502,18.119999
1,0,9,1,0,0,0,10,3,0,4,1,5,38.924999,15.3433
1,1,10,4,0,0,0,10,4,0,1,1,9,36.174999,34.743301
1,0,7,4,0,0,1,10,7,0,2,0,2,34.904202,39.443298
1,0,9,3,1,1,0,10,5,0,3,0,5,36.174999,25.043301
1,1,9,5,1,2,0,10,4,0,2,0,5,34.362499,49.195297
2,0,8,5,0,0,0,10,7,0,3,0,3,30.733002,19.030001
1,0,5,5,1,0,0,9,8,0,6,0,1,31.827501,23.6667
8,0,5,7,0,4,0,9,8,0,5,0,1,31.898998,25.700001
4,0,7,5,1,0,1,9,1,0,2,0,1,38.376202,38.43
2,0,1,3,1,2,1,9,8,0,2,0,2,28.7442,30.072001
1,1,1,1,0,1,0,9,8,1,2,0,1,49.9109,22.872
1,1,5,5,0,0,0,10,1,0,1,1,1,12.612499,11.3
1,0,3,3,1,0,0,10,1,0,3,0,1,32.499302,18.119999
1,0,2,3,1,0,0,10,6,0,2,0,1,51.244198,22.872
1,0,3,1,0,0,1,10,7,0,1,0,1,44.3834,30.504
1,0,3,2,0,0,1,10,7,0,1,0,1,37.466698,24.41
9,0,5,1,1,3,1,10,10,0,8,0,9,20.0625,61.504002
10,0,6,1,1,1,1,10,10,0,8,0,9,15.040999,14.71
10,0,5,1,1,1,1,10,10,0,2,0,3,20.376299,21.633301
3,0,5,1,0,0,1,10,10,0,4,1,8,13.1263,38.153301
1,0,2,2,0,0,1,10,10,1,2,1,7,6.2375002,21.633301
3,0,6,4,1,1,1,10,1,1,4,1,5,27.112499,21
1,0,5,3,0,0,0,10,1,0,1,0,1,22.8673,27.82
1,0,10,3,1,3,1,10,1,1,1,1,5,6.2375002,11.3
1,0,6,3,1,0,0,10,1,0,1,0,1,19.5012,21
1,0,5,3,1,0,0,10,1,0,1,0,1,36.237499,21
7,0,7,7,1,2,1,10,7,0,7,0,9,25.095499,28.73
7,0,3,3,0,0,1,10,8,0,1,0,1,48.674999,15.620001
8,0,8,9,0,0,1,10,1,0,1,0,3,39.954201,26.385302
8,0,7,7,1,0,1,10,7,0,2,0,1,39.954201,19.133299
3,0,4,5,1,0,0,5,6,0,2,0,1,26.315701,24.41
5,0,5,5,1,0,1,4,10,0,3,0,3,15.2603,5.0099998
5,0,5,5,1,0,0,7,5,0,3,0,1,15.2603,27.82
4,0,8,8,1,3,1,7,4,1,4,1,2,41.648998,33.481998
5,0,8,8,1,3,1,7,5,0,5,0,5,48.899002,35.982002
6,1,7,6,1,0,1,10,7,0,4,0,1,21.5728,11.3
8,0,8,7,1,0,1,10,8,0,1,0,1,39.954201,45.733299
1,0,5,5,0,1,0,10,1,1,4,0,9,16.751299,27.82
1,0,5,5,1,1,0,10,1,0,1,0,5,20.0625,14.71
10,0,4,1,0,0,1,10,1,0,7,0,7,20.815701,43.918697
8,1,7,4,1,1,1,9,8,0,7,0,9,23.770199,45.157303
8,0,8,8,1,3,1,9,9,1,7,1,9,15.480401,30.072001
2,0,8,8,0,0,1,9,1,0,2,0,1,47.320801,35.2733
8,1,8,7,1,3,1,9,6,1,4,0,5,18.783001,25.32
7,0,7,5,1,4,1,9,8,1,1,1,1,39.599998,1.6
5,0,8,5,1,5,1,9,1,0,2,0,3,54.077499,11.9333
8,0,9,4,0,0,1,9,4,0,4,1,5,34.6035,58.099998
8,0,8,8,1,1,1,10,7,0,5,0,5,47.031998,31.23
7,0,9,1,1,3,1,10,8,0,5,0,1,49.938801,1.6
8,0,3,5,1,2,0,10,10,0,5,0,3,40.832703,11.9333
5,1,6,7,1,2,1,9,7,0,1,0,1,44.3554,11.9333
10,0,8,9,1,4,1,10,4,0,2,0,4,45.6894,26.385302
9,0,4,8,1,4,1,10,2,0,1,0,5,31.237501,65.570702
8,0,10,5,0,0,1,10,6,0,6,0,5,41.907997,47.657299
8,0,8,8,1,5,1,8,1,0,1,0,1,33.272099,49.472
8,0,8,5,1,0,1,8,8,1,1,0,1,18.049999,38.43
8,0,8,2,0,0,1,9,8,0,4,0,8,18.049999,30.072001
8,0,8,2,1,4,1,8,8,1,1,1,2,24.9387,35.982002
7,0,5,7,1,2,0,8,6,0,5,0,2,41.577499,14.71
8,0,8,8,1,0,1,8,8,0,4,0,1,7.1750002,35.93
8,0,8,8,1,2,1,9,1,0,4,0,1,20.800001,14.71
10,0,7,6,1,2,1,10,6,0,4,0,9,29.341,40.837299
1,0,7,5,0,0,1,9,8,1,1,1,1,21.239399,36.0853
1,0,8,7,1,3,1,10,8,1,4,1,5,16.676899,31.3333
1,0,8,7,1,0,0,10,8,0,2,0,1,40.424301,27.82
1,1,2,2,1,3,1,10,7,0,3,0,5,45.391701,43.285301
9,1,1,10,0,0,1,9,5,0,7,1,5,39.063702,25.32
3,0,6,5,0,0,1,8,7,0,5,1,5,50.707001,14.71
9,0,8,8,0,0,0,9,6,0,4,0,3,33.299999,41.747299
1,0,8,5,1,5,1,10,5,1,5,0,2,13.1263,18.119999
1,0,2,3,1,3,1,9,1,0,1,0,5,9.8624992,38.43
6,1,8,9,1,4,1,9,7,0,6,0,5,43.022099,31.610001
7,0,8,3,1,2,1,9,6,0,6,0,5,33.507698,21.529999
9,0,9,9,1,2,1,10,10,0,7,0,9,27.292902,37.323997
5,0,8,3,0,2,1,9,9,1,7,0,9,27.908901,43.181999
8,0,8,8,0,1,1,9,9,1,6,0,9,21.020199,42.9053
6,0,10,5,1,4,0,10,1,0,6,0,3,16.751299,34.743301
5,0,9,4,1,3,0,10,4,1,8,1,9,30.737501,25.043301
1,0,1,2,0,0,0,10,8,1,1,0,1,34.181698,28.200001
1,0,1,10,1,3,0,10,7,0,1,0,1,28.065699,39.771999
7,0,10,7,0,4,1,10,6,0,6,0,8,7.7909999,1.6
2,0,4,8,1,5,1,10,7,0,5,0,5,22.1035,34.823997
4,0,7,7,1,3,1,7,2,1,4,1,1,48.804798,27.82
5,1,6,5,1,1,0,10,3,0,5,0,2,40.878799,19.462
2,0,7,5,1,4,0,8,5,1,4,1,2,44.242298,24.41
2,0,8,5,1,3,0,7,6,0,5,0,3,40.876301,24.41
1,0,2,6,1,0,0,10,2,1,3,1,5,26.335299,35.400002
8,0,7,8,1,1,1,10,8,0,7,0,9,18.8228,34.743301
7,0,8,1,1,1,1,10,8,0,8,0,5,18.8228,34.743301
7,1,7,2,1,0,1,10,8,1,7,1,2,30.522099,39.4953
1,0,1,1,0,0,1,10,1,1,1,1,4,13.1263,21
1,0,1,1,0,0,0,10,1,1,1,0,5,30.737501,21
1,0,1,1,1,0,1,10,1,1,1,1,1,20.014999,21
1,0,1,1,1,1,0,10,1,1,4,1,7,20.014999,21
1,0,3,8,1,3,1,10,8,1,6,1,9,31.2792,35.02
7,0,5,7,1,3,1,9,9,1,8,1,9,22.764999,18.5
7,0,5,7,0,0,0,8,9,0,7,0,9,38.744198,24.41
8,0,8,8,1,0,1,10,6,0,7,0,9,30.678801,34.639999
8,1,8,8,1,2,1,10,7,1,8,1,9,22.188801,38.153301
8,1,8,8,1,4,1,10,6,0,7,0,1,34.3083,46.695301
8,0,7,7,0,0,1,10,6,0,4,1,8,9.7602997,21.529999
1,0,10,5,1,2,0,10,1,1,7,1,9,30.737501,28.8333
5,0,10,5,1,2,0,10,1,0,6,1,9,30.737501,25.043301
8,1,7,8,1,2,1,8,1,1,2,1,3,34.668602,43.181999
3,0,8,7,0,0,1,9,2,0,2,1,3,48.3997,35.2733
1,0,10,1,1,1,1,10,5,0,1,0,1,29.133299,32.952
1,0,1,1,1,2,0,10,1,1,1,0,1,36.174999,39.392002
1,0,1,10,0,3,0,10,8,0,3,0,1,27.908901,28.73
5,0,9,5,0,0,0,10,1,0,6,0,3,23.639999,15.3433
8,0,8,7,1,4,0,9,8,1,5,1,7,18.466,32.572002
8,0,8,7,1,1,0,10,6,1,6,1,9,11.3138,22.872
7,0,7,7,1,2,1,10,7,0,4,0,9,19.6471,18.119999
5,0,10,5,1,2,1,9,6,1,3,1,5,9.7602997,24.41
9,0,8,8,1,3,1,9,6,0,2,0,1,16.032999,18.119999
8,0,8,8,1,0,0,8,5,1,4,1,1,15.876301,22.872
1,1,2,1,0,0,1,5,1,0,5,0,6,6.2375002,21.633301
5,0,2,1,1,3,1,10,8,1,2,1,7,23.483,33.205299
1,0,4,1,1,5,1,10,1,0,3,0,7,13.1263,28.453299
1,0,5,5,1,3,1,10,1,1,6,1,5,20.014999,21
1,0,4,4,1,2,1,10,1,1,1,1,5,6.2375002,21
1,0,5,3,1,2,0,10,2,0,1,0,5,40.2519,21
8,0,7,7,1,0,1,10,7,1,5,1,1,16.032999,18.119999
8,0,8,8,1,2,0,8,1,0,4,0,1,27.688801,21.529999
7,1,8,7,1,3,0,8,3,1,2,1,1,28.958801,27.82
8,1,7,6,1,0,0,9,1,0,7,0,5,29.176899,30.290699
7,1,8,7,1,3,0,8,7,1,3,1,5,49.742298,39.9907
7,1,7,7,1,2,0,9,3,0,8,0,3,42.429798,25.123999
2,0,4,6,0,1,0,10,2,0,4,0,5,48.678799,38.337299
1,0,1,1,1,2,1,10,1,1,1,1,1,31.973299,21.633301
4,0,7,6,1,2,1,10,2,0,2,0,1,48.522099,43.5387
5,0,7,6,1,3,0,8,6,0,6,0,5,45.014999,43.181999
2,0,8,8,1,3,0,8,7,0,5,0,9,45.014999,32.572002
2,1,5,8,1,2,1,10,1,0,4,0,5,16.908001,43.285301
2,1,4,8,0,0,1,10,1,1,1,1,1,9.7602997,50.485302
1,0,1,1,1,3,0,5,6,0,3,0,2,26.383299,14.71
3,0,3,5,0,0,1,10,1,1,3,1,3,15.330299,5.0099998
5,0,5,5,0,0,0,5,1,0,3,0,1,22.149,21
3,0,7,6,1,1,0,7,6,0,6,0,5,51.389999,32.572002
8,0,8,5,1,5,1,8,8,0,4,0,3,20.800001,40.681999
7,0,7,6,1,4,0,10,6,0,6,0,3,54.140003,30.504
1,0,7,3,0,0,1,10,1,0,1,1,7,13.1263,21
5,0,7,5,1,3,0,10,1,0,1,0,5,12.612499,21
3,0,8,5,1,4,1,10,1,1,1,1,2,6.2375002,21
9,0,5,1,1,1,1,10,10,0,5,0,7,35.598297,38.153301
1,0,6,5,1,4,1,10,10,0,5,0,7,35.598297,44.247299
2,1,5,1,1,4,1,10,9,0,2,0,7,22.188801,21.633301
8,0,8,3,0,1,1,10,5,0,5,0,9,32.707001,71.152
1,0,1,4,1,4,1,10,1,1,1,1,1,8.9875002,21
1,0,5,5,1,0,0,10,1,0,1,0,5,19.5012,31.23
1,0,6,4,1,0,1,10,1,1,1,1,5,22.764999,21
1,0,1,7,0,3,0,10,8,0,2,0,3,35.061203,18.5
1,0,2,8,1,2,0,10,9,0,3,0,5,17.2929,41.113998
7,0,7,8,0,0,0,8,5,0,7,1,4,28.4615,33.914001
8,0,8,8,1,2,0,7,1,0,7,0,1,29.077499,46.062
7,0,7,8,0,0,0,7,5,0,7,1,6,25.5548,42.024002
7,0,7,8,0,0,0,8,7,0,7,1,4,25.7115,21.714001
7,0,7,8,1,1,0,8,6,0,6,0,1,25.7115,30.504
7,0,7,8,0,0,0,7,5,1,3,0,1,25.7115,35.452
8,0,7,8,0,0,0,8,4,0,7,0,4,22.188801,27.623999
7,0,8,8,1,2,0,7,7,0,3,0,1,29.077499,50.814003
10,0,8,1,1,0,1,10,6,1,6,1,2,22.188801,35.02
7,0,7,8,1,3,1,10,7,0,7,0,1,27.156099,35.982002
7,0,8,8,1,0,1,10,6,0,6,0,1,27.156099,31.610001
7,0,7,7,0,0,1,10,6,0,7,1,7,31.966702,21
10,0,10,10,1,2,1,10,8,0,5,0,7,15.299999,35.02
10,0,8,9,1,2,0,10,7,1,6,1,2,23.633299,21
8,0,8,9,1,3,0,10,1,0,6,0,7,15.299999,49.690701
3,0,7,7,1,4,0,9,4,0,7,0,5,14.2205,57.028698
7,0,7,8,1,2,0,9,5,0,7,0,9,45.128201,33.481998
7,0,7,7,1,2,0,9,4,1,6,1,5,27.364401,27.82
8,0,8,7,0,0,1,9,3,0,7,1,3,54.844803,27.623999
8,0,8,7,1,3,1,10,1,1,5,1,3,31.708801,28.8333
6,0,8,6,0,0,0,9,2,0,3,1,1,47.251202,27.82
6,0,5,6,1,4,0,8,2,0,7,0,5,57.612503,23.782
7,0,6,6,1,1,0,9,8,0,4,0,1,45.117302,24.940001
6,0,8,7,1,3,0,9,7,0,6,0,3,44.869198,56.5107
2,0,7,7,0,1,0,9,1,0,5,0,1,26.4923,31.863298
5,0,5,5,1,3,0,9,5,0,3,0,3,51.244198,38.234001
7,0,6,3,1,3,0,7,5,0,4,0,3,56.054802,39.771999
6,1,5,3,1,3,0,8,6,0,2,1,2,52.688801,28.73
6,0,6,6,1,2,0,8,10,1,5,1,4,69.424995,18.303999
6,0,5,5,0,0,0,9,8,0,4,0,3,62.327499,11.104
6,0,7,7,1,2,1,3,10,1,4,1,1,62.327499,38.810001
4,0,6,5,1,1,0,8,4,1,4,1,1,34.7603,38.43
4,0,3,4,0,0,1,8,2,1,3,1,1,59.029198,46.280701
3,0,4,3,1,0,0,7,3,0,3,0,1,51.915997,54.224003
9,0,9,5,0,0,1,9,9,0,5,0,9,29.792898,38.786701
8,0,8,2,1,0,1,8,1,0,4,0,1,18.049999,21.529999
8,0,8,8,1,7,1,8,1,1,4,1,1,22.188801,27.623999
8,0,8,6,0,0,1,10,8,0,7,0,7,55.488701,33.205299
7,0,7,8,1,0,1,9,7,0,5,0,2,44.3554,27.82
9,1,8,5,1,1,1,8,5,0,5,0,1,37.4053,30.106699
1,0,8,8,0,0,0,6,1,0,4,0,1,24.1483,42.299999
9,0,7,9,1,1,1,9,8,0,5,0,5,38.8554,36.0853
7,1,5,6,1,8,0,8,8,0,1,0,1,57.766701,24.41
8,0,5,6,0,3,0,9,8,1,2,0,1,53.489399,25.043301
2,0,7,4,1,5,1,9,10,1,2,1,3,53.611797,21.529999
9,1,6,8,1,0,1,10,3,0,3,0,3,51.355396,31.3333
7,0,4,8,1,0,1,8,7,1,4,0,5,46.5728,22.543301
1,0,1,1,1,0,0,10,5,0,1,0,3,30.365299,18.119999
1,0,1,1,0,0,0,10,1,0,2,0,5,22.9583,27.82
10,0,9,8,0,0,1,10,1,0,3,0,3,23.639999,34.823997
10,0,10,10,1,1,1,10,1,0,3,0,7,23.639999,44.523998
8,0,8,6,0,0,1,10,7,0,5,0,1,25.095499,18.119999
1,0,2,2,1,2,1,10,1,0,1,0,5,30.365299,34.743301
4,0,3,4,1,0,0,8,3,0,2,0,1,60.994202,32.572002
7,1,8,1,1,0,1,10,9,1,6,1,9,29.906099,21.529999
4,0,3,3,1,2,0,5,7,0,3,0,1,23.829199,8.4200001
2,0,8,2,1,4,1,10,1,0,2,0,5,40.188801,45.785297
5,0,2,2,1,2,1,9,2,0,5,0,1,48.639999,18.119999
4,1,7,7,1,0,0,9,1,0,4,0,2,28.4506,27.82
4,0,6,7,1,0,0,8,1,0,3,0,3,23.5853,32.52
3,0,3,5,1,1,1,2,9,0,2,0,2,41.6054,32.572002
5,0,5,3,0,3,1,10,2,0,5,0,4,38.3853,21.633301
3,0,7,1,1,3,1,9,9,0,8,0,5,29.878199,31.23
7,0,6,7,0,0,1,9,7,1,3,1,1,14.063799,27.82
6,0,8,8,1,1,0,10,1,0,4,0,1,17.6542,32.572002
8,0,7,6,1,2,1,9,8,1,4,1,1,19.6471,11.3
8,0,6,5,0,0,1,9,6,0,4,0,1,15.876301,32.572002
8,0,7,7,0,4,1,10,2,0,5,0,1,22.397099,25.751999
5,0,6,7,1,4,1,9,7,0,7,0,5,36.313801,31.23
2,0,5,1,1,3,1,8,2,0,3,0,1,57.628204,33.619999
7,0,4,5,0,1,0,6,3,0,3,0,1,45.145199,31.033998
7,0,4,5,0,1,0,6,3,0,4,0,1,45.145199,40.733997
8,0,8,8,0,0,0,10,3,0,6,0,1,16.237501,35.02
6,0,7,7,1,2,0,9,1,0,4,0,7,13.4875,27.82
6,0,6,5,1,1,0,6,4,1,2,0,1,47.799301,31.23
4,0,6,5,1,2,1,7,6,0,4,0,5,58.507698,31.23
5,0,6,5,1,1,1,10,8,1,5,1,1,4.4250002,25.751999
7,0,6,7,0,0,0,7,7,0,5,0,1,11.5728,11.104
3,0,3,4,1,0,0,8,3,0,3,0,1,61.7948,41.113998
4,0,4,3,1,0,0,8,3,0,3,0,1,51.915997,54.224003
3,0,3,4,1,2,0,7,2,0,3,0,1,55.438797,42.271999
8,0,8,9,1,4,1,9,1,1,4,1,5,33.428799,38.862
4,1,9,9,1,7,0,9,2,1,5,0,1,38.8554,27.82
7,1,7,9,1,6,1,9,2,0,5,0,1,42.688797,11.3
8,0,7,4,1,3,1,7,2,0,4,0,3,36.313801,63.952
7,1,9,8,1,1,1,9,8,1,7,0,3,11.3138,26.282001
8,0,2,8,1,5,1,9,8,0,4,0,1,20.800001,13.172001
7,0,8,8,1,3,1,9,7,0,6,0,3,21.9923,56.066696
9,0,5,9,1,5,1,5,8,0,2,0,1,18.049999,16.582001
9,0,9,9,1,1,1,9,9,0,4,0,3,15.299999,24.41
3,1,4,3,0,0,1,9,2,0,4,0,1,47.345501,11.3
8,0,1,9,1,5,1,9,9,0,3,0,1,26.383299,9.7620001
10,0,7,4,1,0,1,10,1,0,4,0,2,38.195801,18.119999
7,0,4,1,1,2,1,10,4,0,6,0,9,48.341702,21.529999
5,0,2,1,0,0,1,10,3,1,3,1,1,55.800003,21
5,0,4,1,0,0,1,10,3,1,5,1,7,38.195801,21
8,0,8,8,0,0,1,8,9,0,6,1,4,31.237501,26.385302
6,1,7,8,0,0,0,9,9,0,3,0,1,46.655602,25.32
6,1,7,7,1,6,0,10,5,1,6,1,7,33.315701,25.751999
7,1,9,8,1,0,1,10,5,0,4,1,1,54.071999,14.71
5,1,5,5,0,0,1,8,9,0,5,0,3,35.988701,21.529999
7,1,8,6,1,1,1,8,6,0,6,0,1,46.539398,14.71
8,1,8,8,1,3,0,9,9,0,5,0,2,49.905403,19.462
8,0,8,8,1,2,1,8,1,0,4,0,3,18.049999,21.529999
2,0,4,7,1,3,1,7,5,1,4,1,5,55.448902,11.3
8,1,3,7,0,0,0,9,2,0,5,0,2,32.656101,18.7533
7,0,5,6,0,0,1,10,1,0,6,1,9,51.678097,27.82
7,1,4,3,1,1,0,9,4,1,2,1,5,36.704098,18.119999
8,1,8,7,1,6,1,6,5,0,6,0,2,28.3048,18.119999
9,1,8,6,1,5,1,4,4,0,6,0,1,32.471401,21.529999
7,1,8,5,1,2,1,6,4,0,5,0,1,37.4053,32.572002
8,0,8,8,1,1,0,7,1,0,7,0,7,24.9387,39.714001
10,0,5,9,1,0,1,9,8,1,5,1,1,4.4250002,33.481998
8,0,8,9,1,1,1,9,8,1,1,0,1,30.516602,21.529999
7,0,7,4,1,3,1,9,9,1,2,1,2,55.800003,12.21
4,0,8,8,1,1,1,8,9,1,5,0,1,59.688801,39.4953
7,1,4,6,0,0,0,1,1,0,2,0,1,11.3138,26.385302
3,0,5,2,0,0,1,9,6,0,2,1,1,37.258301,6.3519998
7,1,10,10,1,5,1,4,2,0,7,0,3,41.648998,50.105297
2,0,5,8,1,3,1,7,8,0,4,0,1,30.522099,11.3
1,0,2,2,0,0,0,8,8,0,3,1,4,25.514999,18.119999
2,0,7,5,1,3,1,7,6,1,1,0,5,28.4615,25.32
5,0,5,6,0,1,0,6,1,0,6,0,1,48.023998,32.572002
6,1,4,2,1,1,0,7,2,0,2,0,3,54.270203,9.7620001
1,0,4,5,1,1,0,10,1,0,5,0,9,24.457701,38.153301
2,0,2,3,1,1,1,9,1,0,4,0,2,27.688801,36.891998
1,0,2,3,0,0,1,8,6,0,4,1,2,14.063799,59.373302
1,0,3,3,1,3,0,8,3,0,4,0,3,27.688801,44.973297
1,0,2,4,1,1,1,9,5,1,3,1,3,14.063799,59.373302
3,1,8,3,1,3,1,10,8,0,6,0,4,50.515003,11.3
5,0,8,7,0,0,1,9,8,0,4,1,5,39.063702,27.82
1,0,2,3,1,1,0,9,1,0,3,0,5,27.688801,29.691999
1,0,7,6,1,0,0,9,5,0,3,0,3,27.688801,18.338699
4,0,8,3,1,2,1,10,8,0,4,0,5,39.063702,18.119999
5,0,10,4,1,0,1,8,9,1,4,1,9,42.688797,24.41
5,0,8,6,0,0,1,8,8,0,4,1,3,40.876301,1.6
5,1,10,6,0,0,1,10,8,0,6,0,8,53.925003,21.633301
3,1,8,3,1,4,1,10,8,0,6,0,5,47.764999,1.6
1,0,3,3,1,4,1,9,2,0,3,0,1,49.938801,30.3253
5,1,8,8,1,3,1,10,8,0,4,0,5,45.946999,18.119999
3,0,8,6,1,2,1,10,8,1,4,0,5,39.063702,8.4200001
3,0,8,3,1,5,1,10,8,0,4,0,1,39.063702,18.119999
3,0,8,8,1,3,1,10,8,1,5,0,1,41.813801,8.4200001
3,1,10,3,1,2,1,8,8,1,4,1,1,45.009499,11.9333
3,0,8,6,0,0,1,10,8,0,5,0,5,36.313801,26.385302
1,1,5,4,1,8,0,7,7,0,3,0,4,44.971401,47.2253
1,0,2,3,0,0,1,9,5,0,3,1,3,14.063799,49.673302
1,0,3,3,1,1,0,8,3,0,3,0,1,27.688801,25.573301
1,0,2,3,0,2,1,9,1,0,4,0,5,27.688801,36.891998
1,0,2,2,1,4,0,9,1,0,4,0,5,30.438799,27.191999
1,0,2,3,0,5,0,9,1,0,3,0,1,30.438799,29.691999
1,0,3,2,0,4,0,9,1,1,2,0,1,30.438799,30.3253
5,0,8,6,1,4,1,8,8,0,4,0,1,45.009499,1.6
5,1,10,6,0,0,1,10,8,1,5,0,8,53.925003,11.9333
1,0,2,3,0,2,0,9,5,0,4,0,5,30.438799,36.891998
3,0,8,6,1,2,1,6,8,0,4,0,1,43.626301,5.0099998
5,1,10,3,1,0,1,8,8,1,4,1,1,42.688797,14.71
3,0,10,5,1,3,1,8,8,1,4,1,3,38.126297,8.4200001
1,0,1,2,0,1,1,9,8,0,2,0,1,31.431698,33.5853
1,0,1,3,1,4,0,10,1,0,1,0,5,23.639999,21
1,0,7,4,1,3,1,10,1,1,4,1,5,6.2375002,30.700001
1,0,6,3,1,3,1,10,1,1,1,1,5,6.2375002,11.3
1,0,6,5,1,2,0,10,1,0,6,0,9,30.737501,21
7,0,3,8,1,0,1,10,1,0,3,0,1,24.2096,20.804001
2,0,8,3,1,0,0,9,2,0,3,0,1,66.820801,54.251999
9,0,6,7,0,0,0,10,1,1,3,1,5,39.487499,61.873299
9,0,7,8,1,1,0,10,2,1,3,1,9,14.5708,28.200001
1,0,5,2,0,0,1,10,1,0,5,0,9,37.258301,25.676701
4,1,5,6,1,1,1,7,5,0,3,1,1,45.117302,35.982002
3,0,3,4,1,1,0,9,3,0,3,1,2,64.462204,27.623999
3,0,3,4,1,2,1,9,3,0,3,0,1,60.994202,45.681999
3,0,3,4,1,2,1,7,3,0,3,0,1,64.462204,45.681999
3,0,3,4,1,1,0,8,3,0,2,0,1,72.258301,22.872
3,0,2,4,1,2,0,8,3,0,2,0,1,64.623703,31.23
10,0,9,9,0,0,0,10,1,0,7,1,3,26.912502,21
7,0,8,8,1,1,0,10,1,1,6,0,1,9.8624992,18.119999
8,0,10,10,1,2,0,10,1,0,6,0,9,20.945799,49.143299
9,1,8,7,0,7,1,9,1,0,7,0,1,15.299999,24.41
8,1,9,7,1,0,0,10,5,0,6,0,1,15.876301,18.5
8,0,6,5,0,0,0,10,1,0,3,0,1,28.093601,14.71
6,1,7,6,1,0,0,10,5,0,5,0,5,36.237499,51.1707
6,0,5,5,1,3,0,9,4,0,5,0,1,25.514999,28.453299
5,0,6,5,1,3,0,7,5,0,6,0,1,22.251301,18.119999
9,0,8,5,1,2,1,10,10,0,6,0,5,24.577499,30.106699
1,0,7,7,0,0,0,9,2,0,3,0,1,47.251202,32.572002
1,0,6,6,0,0,0,9,1,0,2,0,1,14.166,5.0099998
5,0,8,5,0,0,1,10,8,0,5,0,8,43.1478,16.685299
7,1,7,2,0,0,1,10,8,0,7,1,5,29.878199,31.23
1,0,1,1,1,2,1,10,5,1,4,1,5,21.302799,18.5
10,0,8,8,1,2,1,10,1,0,3,0,5,27.107998,46.972
7,0,8,6,0,0,1,10,8,0,5,1,9,19.399,28.73
7,0,7,6,1,2,1,10,7,1,7,1,9,17.5865,21.529999
7,0,8,6,1,1,1,10,7,1,6,1,9,19.399,28.73
1,0,1,1,1,2,1,10,5,1,4,1,5,44.508301,35.02
5,0,6,5,0,0,1,6,4,0,3,1,5,38.126297,37.52
10,0,9,8,1,1,1,10,1,0,3,0,5,23.639999,51.723999
5,0,5,5,1,2,0,5,1,1,1,1,5,22.4125,18.119999
10,0,8,8,1,3,1,10,4,0,1,0,1,39.954201,26.385302
6,0,7,5,1,2,1,10,1,1,4,1,9,16.649,50.105297
4,0,5,5,1,2,0,6,3,0,3,0,1,10.6978,18.119999
4,0,4,5,0,0,0,5,1,0,3,0,1,18.783001,11.3
8,0,9,9,1,0,1,9,1,1,7,1,9,26.390001,48.0373
7,0,6,7,1,2,0,8,6,0,2,0,5,63.195801,44.938702
4,0,7,7,1,3,0,7,7,1,7,1,5,45.014999,34.328697
5,0,5,6,0,1,1,9,5,0,3,0,3,15.2603,8.4200001
1,0,1,1,1,6,0,10,1,1,1,1,2,38.889999,19.133299
1,0,7,7,1,0,0,10,1,0,1,0,5,33.272099,21.633301
1,0,1,1,0,0,1,10,1,1,2,1,5,25.452501,39.771999
1,0,2,2,1,3,1,10,1,0,2,0,5,22.188801,42.9053
3,0,2,3,1,2,0,10,1,0,2,0,7,30.522099,40.733997
6,1,7,1,1,0,1,10,6,1,7,1,5,18.8228,34.743301
1,0,9,8,1,2,0,10,1,0,2,0,9,47.320801,51.977303
7,0,7,8,1,0,0,10,7,1,7,1,1,25.739399,21.633301
7,0,10,8,0,0,0,10,2,0,4,0,7,16.237501,55.271999
7,1,9,9,1,2,1,10,6,1,4,1,5,30.678801,27.82
2,0,2,4,1,2,1,10,3,0,3,0,1,58.487499,5.0099998
2,0,2,8,1,3,0,9,1,0,1,0,9,55.654198,34.639999
2,0,2,3,1,4,1,10,1,0,3,0,5,26.9993,31.3333
1,0,1,2,1,3,1,10,1,0,1,0,1,30.522099,44.247299
6,1,8,10,1,2,1,10,5,1,5,1,1,34.0448,36.033298
1,0,1,8,1,3,1,10,1,1,3,1,9,28.6073,41.666702
7,0,7,6,1,1,1,10,7,1,1,1,7,16.649,27.82
1,1,8,7,0,0,0,7,5,1,7,1,5,45.014999,24.41
3,1,5,7,1,3,1,10,1,1,5,1,5,18.093599,31.3333
8,1,5,8,1,4,0,10,1,0,4,0,5,13.385201,46.972
8,0,8,8,1,0,1,10,8,1,3,1,5,31.3573,38.337299
8,0,8,6,1,2,0,10,9,0,5,0,5,47.438,31.610001
9,1,8,7,1,2,0,10,8,0,5,0,5,48.639999,37.703999
9,0,10,1,1,0,1,10,1,1,6,1,9,10.404201,31.3333
8,0,8,7,1,0,0,7,7,0,5,0,4,56.279202,28.200001
7,0,8,3,1,1,0,9,7,1,7,1,9,38.3853,11.104
8,0,8,5,1,7,1,9,1,1,4,1,1,24.9387,22.872
8,0,8,5,1,2,1,8,1,1,1,0,1,20.800001,18.119999
6,0,8,5,1,3,0,9,7,0,5,0,1,44.971401,30.072001
7,0,7,6,1,2,0,6,7,1,6,1,1,63.924999,28.73
1,0,8,4,1,0,1,9,4,0,3,0,1,65.341698,36.5807
5,0,5,5,1,3,1,8,6,0,4,0,5,38.8554,35.238701
3,1,5,7,0,0,0,6,4,0,4,0,1,62.322002,31.414
3,0,9,4,1,3,0,9,9,0,7,0,9,61.174999,54.673302
3,0,9,4,1,2,0,9,10,1,4,1,9,54.1054,37.900002
